image_file,image_id,image_size,class
./img/64/aluminium_foil\00001.png,00001,"(64, 64)",aluminium_foil
./img/64/aluminium_foil\00002.png,00002,"(64, 64)",aluminium_foil
./img/64/aluminium_foil\00003.png,00003,"(64, 64)",aluminium_foil
./img/64/aluminium_foil\00004.png,00004,"(64, 64)",aluminium_foil
./img/64/aluminium_foil\00005.png,00005,"(64, 64)",aluminium_foil
./img/64/aluminium_foil\00006.png,00006,"(64, 64)",aluminium_foil
./img/64/aluminium_foil\00007.png,00007,"(64, 64)",aluminium_foil
./img/64/aluminium_foil\00008.png,00008,"(64, 64)",aluminium_foil
./img/64/aluminium_foil\00009.png,00009,"(64, 64)",aluminium_foil
./img/64/aluminium_foil\00010.png,00010,"(64, 64)",aluminium_foil
./img/64/aluminium_foil\00011.png,00011,"(64, 64)",aluminium_foil
./img/64/aluminium_foil\00012.png,00012,"(64, 64)",aluminium_foil
./img/64/aluminium_foil\00013.png,00013,"(64, 64)",aluminium_foil
./img/64/aluminium_foil\00014.png,00014,"(64, 64)",aluminium_foil
./img/64/aluminium_foil\00015.png,00015,"(64, 64)",aluminium_foil
./img/64/aluminium_foil\00016.png,00016,"(64, 64)",aluminium_foil
./img/64/aluminium_foil\00017.png,00017,"(64, 64)",aluminium_foil
./img/64/aluminium_foil\00018.png,00018,"(64, 64)",aluminium_foil
./img/64/aluminium_foil\00019.png,00019,"(64, 64)",aluminium_foil
./img/64/aluminium_foil\00020.png,00020,"(64, 64)",aluminium_foil
./img/64/aluminium_foil\00021.png,00021,"(64, 64)",aluminium_foil
./img/64/aluminium_foil\00022.png,00022,"(64, 64)",aluminium_foil
./img/64/aluminium_foil\00023.png,00023,"(64, 64)",aluminium_foil
./img/64/aluminium_foil\00024.png,00024,"(64, 64)",aluminium_foil
./img/64/aluminium_foil\00025.png,00025,"(64, 64)",aluminium_foil
./img/64/aluminium_foil\00026.png,00026,"(64, 64)",aluminium_foil
./img/64/aluminium_foil\00027.png,00027,"(64, 64)",aluminium_foil
./img/64/aluminium_foil\00028.png,00028,"(64, 64)",aluminium_foil
./img/64/aluminium_foil\00029.png,00029,"(64, 64)",aluminium_foil
./img/64/aluminium_foil\00030.png,00030,"(64, 64)",aluminium_foil
./img/64/aluminium_foil\00031.png,00031,"(64, 64)",aluminium_foil
./img/64/aluminium_foil\00032.png,00032,"(64, 64)",aluminium_foil
./img/64/aluminium_foil\00033.png,00033,"(64, 64)",aluminium_foil
./img/64/aluminium_foil\00034.png,00034,"(64, 64)",aluminium_foil
./img/64/aluminium_foil\00035.png,00035,"(64, 64)",aluminium_foil
./img/64/aluminium_foil\00036.png,00036,"(64, 64)",aluminium_foil
./img/64/aluminium_foil\00037.png,00037,"(64, 64)",aluminium_foil
./img/64/aluminium_foil\00038.png,00038,"(64, 64)",aluminium_foil
./img/64/aluminium_foil\00039.png,00039,"(64, 64)",aluminium_foil
./img/64/aluminium_foil\00040.png,00040,"(64, 64)",aluminium_foil
./img/64/aluminium_foil\00041.png,00041,"(64, 64)",aluminium_foil
./img/64/aluminium_foil\00042.png,00042,"(64, 64)",aluminium_foil
./img/64/aluminium_foil\00043.png,00043,"(64, 64)",aluminium_foil
./img/64/aluminium_foil\00044.png,00044,"(64, 64)",aluminium_foil
./img/64/aluminium_foil\00045.png,00045,"(64, 64)",aluminium_foil
./img/64/aluminium_foil\00046.png,00046,"(64, 64)",aluminium_foil
./img/64/aluminium_foil\00047.png,00047,"(64, 64)",aluminium_foil
./img/64/aluminium_foil\00048.png,00048,"(64, 64)",aluminium_foil
./img/64/aluminium_foil\00049.png,00049,"(64, 64)",aluminium_foil
./img/64/aluminium_foil\00050.png,00050,"(64, 64)",aluminium_foil
./img/64/aluminium_foil\00051.png,00051,"(64, 64)",aluminium_foil
./img/64/aluminium_foil\00052.png,00052,"(64, 64)",aluminium_foil
./img/64/aluminium_foil\00053.png,00053,"(64, 64)",aluminium_foil
./img/64/aluminium_foil\00054.png,00054,"(64, 64)",aluminium_foil
./img/64/aluminium_foil\00055.png,00055,"(64, 64)",aluminium_foil
./img/64/aluminium_foil\00056.png,00056,"(64, 64)",aluminium_foil
./img/64/aluminium_foil\00057.png,00057,"(64, 64)",aluminium_foil
./img/64/aluminium_foil\00058.png,00058,"(64, 64)",aluminium_foil
./img/64/aluminium_foil\00059.png,00059,"(64, 64)",aluminium_foil
./img/64/aluminium_foil\00060.png,00060,"(64, 64)",aluminium_foil
./img/64/aluminium_foil\00061.png,00061,"(64, 64)",aluminium_foil
./img/64/aluminium_foil\00062.png,00062,"(64, 64)",aluminium_foil
./img/64/aluminium_foil\00063.png,00063,"(64, 64)",aluminium_foil
./img/64/aluminium_foil\00064.png,00064,"(64, 64)",aluminium_foil
./img/64/aluminium_foil\00065.png,00065,"(64, 64)",aluminium_foil
./img/64/aluminium_foil\00066.png,00066,"(64, 64)",aluminium_foil
./img/64/aluminium_foil\00067.png,00067,"(64, 64)",aluminium_foil
./img/64/aluminium_foil\00068.png,00068,"(64, 64)",aluminium_foil
./img/64/aluminium_foil\00069.png,00069,"(64, 64)",aluminium_foil
./img/64/aluminium_foil\00070.png,00070,"(64, 64)",aluminium_foil
./img/64/aluminium_foil\00071.png,00071,"(64, 64)",aluminium_foil
./img/64/aluminium_foil\00072.png,00072,"(64, 64)",aluminium_foil
./img/64/aluminium_foil\00073.png,00073,"(64, 64)",aluminium_foil
./img/64/aluminium_foil\00074.png,00074,"(64, 64)",aluminium_foil
./img/64/aluminium_foil\00075.png,00075,"(64, 64)",aluminium_foil
./img/64/aluminium_foil\00076.png,00076,"(64, 64)",aluminium_foil
./img/64/aluminium_foil\00077.png,00077,"(64, 64)",aluminium_foil
./img/64/aluminium_foil\00078.png,00078,"(64, 64)",aluminium_foil
./img/64/aluminium_foil\00079.png,00079,"(64, 64)",aluminium_foil
./img/64/aluminium_foil\00080.png,00080,"(64, 64)",aluminium_foil
./img/64/aluminium_foil\00081.png,00081,"(64, 64)",aluminium_foil
./img/64/brown_bread\00082.png,00082,"(64, 64)",brown_bread
./img/64/brown_bread\00083.png,00083,"(64, 64)",brown_bread
./img/64/brown_bread\00084.png,00084,"(64, 64)",brown_bread
./img/64/brown_bread\00085.png,00085,"(64, 64)",brown_bread
./img/64/brown_bread\00086.png,00086,"(64, 64)",brown_bread
./img/64/brown_bread\00087.png,00087,"(64, 64)",brown_bread
./img/64/brown_bread\00088.png,00088,"(64, 64)",brown_bread
./img/64/brown_bread\00089.png,00089,"(64, 64)",brown_bread
./img/64/brown_bread\00090.png,00090,"(64, 64)",brown_bread
./img/64/brown_bread\00091.png,00091,"(64, 64)",brown_bread
./img/64/brown_bread\00092.png,00092,"(64, 64)",brown_bread
./img/64/brown_bread\00093.png,00093,"(64, 64)",brown_bread
./img/64/brown_bread\00094.png,00094,"(64, 64)",brown_bread
./img/64/brown_bread\00095.png,00095,"(64, 64)",brown_bread
./img/64/brown_bread\00096.png,00096,"(64, 64)",brown_bread
./img/64/brown_bread\00097.png,00097,"(64, 64)",brown_bread
./img/64/brown_bread\00098.png,00098,"(64, 64)",brown_bread
./img/64/brown_bread\00099.png,00099,"(64, 64)",brown_bread
./img/64/brown_bread\00100.png,00100,"(64, 64)",brown_bread
./img/64/brown_bread\00101.png,00101,"(64, 64)",brown_bread
./img/64/brown_bread\00102.png,00102,"(64, 64)",brown_bread
./img/64/brown_bread\00103.png,00103,"(64, 64)",brown_bread
./img/64/brown_bread\00104.png,00104,"(64, 64)",brown_bread
./img/64/brown_bread\00105.png,00105,"(64, 64)",brown_bread
./img/64/brown_bread\00106.png,00106,"(64, 64)",brown_bread
./img/64/brown_bread\00107.png,00107,"(64, 64)",brown_bread
./img/64/brown_bread\00108.png,00108,"(64, 64)",brown_bread
./img/64/brown_bread\00109.png,00109,"(64, 64)",brown_bread
./img/64/brown_bread\00110.png,00110,"(64, 64)",brown_bread
./img/64/brown_bread\00111.png,00111,"(64, 64)",brown_bread
./img/64/brown_bread\00112.png,00112,"(64, 64)",brown_bread
./img/64/brown_bread\00113.png,00113,"(64, 64)",brown_bread
./img/64/brown_bread\00114.png,00114,"(64, 64)",brown_bread
./img/64/brown_bread\00115.png,00115,"(64, 64)",brown_bread
./img/64/brown_bread\00116.png,00116,"(64, 64)",brown_bread
./img/64/brown_bread\00117.png,00117,"(64, 64)",brown_bread
./img/64/brown_bread\00118.png,00118,"(64, 64)",brown_bread
./img/64/brown_bread\00119.png,00119,"(64, 64)",brown_bread
./img/64/brown_bread\00120.png,00120,"(64, 64)",brown_bread
./img/64/brown_bread\00121.png,00121,"(64, 64)",brown_bread
./img/64/brown_bread\00122.png,00122,"(64, 64)",brown_bread
./img/64/brown_bread\00123.png,00123,"(64, 64)",brown_bread
./img/64/brown_bread\00124.png,00124,"(64, 64)",brown_bread
./img/64/brown_bread\00125.png,00125,"(64, 64)",brown_bread
./img/64/brown_bread\00126.png,00126,"(64, 64)",brown_bread
./img/64/brown_bread\00127.png,00127,"(64, 64)",brown_bread
./img/64/brown_bread\00128.png,00128,"(64, 64)",brown_bread
./img/64/brown_bread\00129.png,00129,"(64, 64)",brown_bread
./img/64/brown_bread\00130.png,00130,"(64, 64)",brown_bread
./img/64/brown_bread\00131.png,00131,"(64, 64)",brown_bread
./img/64/brown_bread\00132.png,00132,"(64, 64)",brown_bread
./img/64/brown_bread\00133.png,00133,"(64, 64)",brown_bread
./img/64/brown_bread\00134.png,00134,"(64, 64)",brown_bread
./img/64/brown_bread\00135.png,00135,"(64, 64)",brown_bread
./img/64/brown_bread\00136.png,00136,"(64, 64)",brown_bread
./img/64/brown_bread\00137.png,00137,"(64, 64)",brown_bread
./img/64/brown_bread\00138.png,00138,"(64, 64)",brown_bread
./img/64/brown_bread\00139.png,00139,"(64, 64)",brown_bread
./img/64/brown_bread\00140.png,00140,"(64, 64)",brown_bread
./img/64/brown_bread\00141.png,00141,"(64, 64)",brown_bread
./img/64/brown_bread\00142.png,00142,"(64, 64)",brown_bread
./img/64/brown_bread\00143.png,00143,"(64, 64)",brown_bread
./img/64/brown_bread\00144.png,00144,"(64, 64)",brown_bread
./img/64/brown_bread\00145.png,00145,"(64, 64)",brown_bread
./img/64/brown_bread\00146.png,00146,"(64, 64)",brown_bread
./img/64/brown_bread\00147.png,00147,"(64, 64)",brown_bread
./img/64/brown_bread\00148.png,00148,"(64, 64)",brown_bread
./img/64/brown_bread\00149.png,00149,"(64, 64)",brown_bread
./img/64/brown_bread\00150.png,00150,"(64, 64)",brown_bread
./img/64/brown_bread\00151.png,00151,"(64, 64)",brown_bread
./img/64/brown_bread\00152.png,00152,"(64, 64)",brown_bread
./img/64/brown_bread\00153.png,00153,"(64, 64)",brown_bread
./img/64/brown_bread\00154.png,00154,"(64, 64)",brown_bread
./img/64/brown_bread\00155.png,00155,"(64, 64)",brown_bread
./img/64/brown_bread\00156.png,00156,"(64, 64)",brown_bread
./img/64/brown_bread\00157.png,00157,"(64, 64)",brown_bread
./img/64/brown_bread\00158.png,00158,"(64, 64)",brown_bread
./img/64/brown_bread\00159.png,00159,"(64, 64)",brown_bread
./img/64/brown_bread\00160.png,00160,"(64, 64)",brown_bread
./img/64/brown_bread\00161.png,00161,"(64, 64)",brown_bread
./img/64/brown_bread\00162.png,00162,"(64, 64)",brown_bread
./img/64/corduroy\00163.png,00163,"(64, 64)",corduroy
./img/64/corduroy\00164.png,00164,"(64, 64)",corduroy
./img/64/corduroy\00165.png,00165,"(64, 64)",corduroy
./img/64/corduroy\00166.png,00166,"(64, 64)",corduroy
./img/64/corduroy\00167.png,00167,"(64, 64)",corduroy
./img/64/corduroy\00168.png,00168,"(64, 64)",corduroy
./img/64/corduroy\00169.png,00169,"(64, 64)",corduroy
./img/64/corduroy\00170.png,00170,"(64, 64)",corduroy
./img/64/corduroy\00171.png,00171,"(64, 64)",corduroy
./img/64/corduroy\00172.png,00172,"(64, 64)",corduroy
./img/64/corduroy\00173.png,00173,"(64, 64)",corduroy
./img/64/corduroy\00174.png,00174,"(64, 64)",corduroy
./img/64/corduroy\00175.png,00175,"(64, 64)",corduroy
./img/64/corduroy\00176.png,00176,"(64, 64)",corduroy
./img/64/corduroy\00177.png,00177,"(64, 64)",corduroy
./img/64/corduroy\00178.png,00178,"(64, 64)",corduroy
./img/64/corduroy\00179.png,00179,"(64, 64)",corduroy
./img/64/corduroy\00180.png,00180,"(64, 64)",corduroy
./img/64/corduroy\00181.png,00181,"(64, 64)",corduroy
./img/64/corduroy\00182.png,00182,"(64, 64)",corduroy
./img/64/corduroy\00183.png,00183,"(64, 64)",corduroy
./img/64/corduroy\00184.png,00184,"(64, 64)",corduroy
./img/64/corduroy\00185.png,00185,"(64, 64)",corduroy
./img/64/corduroy\00186.png,00186,"(64, 64)",corduroy
./img/64/corduroy\00187.png,00187,"(64, 64)",corduroy
./img/64/corduroy\00188.png,00188,"(64, 64)",corduroy
./img/64/corduroy\00189.png,00189,"(64, 64)",corduroy
./img/64/corduroy\00190.png,00190,"(64, 64)",corduroy
./img/64/corduroy\00191.png,00191,"(64, 64)",corduroy
./img/64/corduroy\00192.png,00192,"(64, 64)",corduroy
./img/64/corduroy\00193.png,00193,"(64, 64)",corduroy
./img/64/corduroy\00194.png,00194,"(64, 64)",corduroy
./img/64/corduroy\00195.png,00195,"(64, 64)",corduroy
./img/64/corduroy\00196.png,00196,"(64, 64)",corduroy
./img/64/corduroy\00197.png,00197,"(64, 64)",corduroy
./img/64/corduroy\00198.png,00198,"(64, 64)",corduroy
./img/64/corduroy\00199.png,00199,"(64, 64)",corduroy
./img/64/corduroy\00200.png,00200,"(64, 64)",corduroy
./img/64/corduroy\00201.png,00201,"(64, 64)",corduroy
./img/64/corduroy\00202.png,00202,"(64, 64)",corduroy
./img/64/corduroy\00203.png,00203,"(64, 64)",corduroy
./img/64/corduroy\00204.png,00204,"(64, 64)",corduroy
./img/64/corduroy\00205.png,00205,"(64, 64)",corduroy
./img/64/corduroy\00206.png,00206,"(64, 64)",corduroy
./img/64/corduroy\00207.png,00207,"(64, 64)",corduroy
./img/64/corduroy\00208.png,00208,"(64, 64)",corduroy
./img/64/corduroy\00209.png,00209,"(64, 64)",corduroy
./img/64/corduroy\00210.png,00210,"(64, 64)",corduroy
./img/64/corduroy\00211.png,00211,"(64, 64)",corduroy
./img/64/corduroy\00212.png,00212,"(64, 64)",corduroy
./img/64/corduroy\00213.png,00213,"(64, 64)",corduroy
./img/64/corduroy\00214.png,00214,"(64, 64)",corduroy
./img/64/corduroy\00215.png,00215,"(64, 64)",corduroy
./img/64/corduroy\00216.png,00216,"(64, 64)",corduroy
./img/64/corduroy\00217.png,00217,"(64, 64)",corduroy
./img/64/corduroy\00218.png,00218,"(64, 64)",corduroy
./img/64/corduroy\00219.png,00219,"(64, 64)",corduroy
./img/64/corduroy\00220.png,00220,"(64, 64)",corduroy
./img/64/corduroy\00221.png,00221,"(64, 64)",corduroy
./img/64/corduroy\00222.png,00222,"(64, 64)",corduroy
./img/64/corduroy\00223.png,00223,"(64, 64)",corduroy
./img/64/corduroy\00224.png,00224,"(64, 64)",corduroy
./img/64/corduroy\00225.png,00225,"(64, 64)",corduroy
./img/64/corduroy\00226.png,00226,"(64, 64)",corduroy
./img/64/corduroy\00227.png,00227,"(64, 64)",corduroy
./img/64/corduroy\00228.png,00228,"(64, 64)",corduroy
./img/64/corduroy\00229.png,00229,"(64, 64)",corduroy
./img/64/corduroy\00230.png,00230,"(64, 64)",corduroy
./img/64/corduroy\00231.png,00231,"(64, 64)",corduroy
./img/64/corduroy\00232.png,00232,"(64, 64)",corduroy
./img/64/corduroy\00233.png,00233,"(64, 64)",corduroy
./img/64/corduroy\00234.png,00234,"(64, 64)",corduroy
./img/64/corduroy\00235.png,00235,"(64, 64)",corduroy
./img/64/corduroy\00236.png,00236,"(64, 64)",corduroy
./img/64/corduroy\00237.png,00237,"(64, 64)",corduroy
./img/64/corduroy\00238.png,00238,"(64, 64)",corduroy
./img/64/corduroy\00239.png,00239,"(64, 64)",corduroy
./img/64/corduroy\00240.png,00240,"(64, 64)",corduroy
./img/64/corduroy\00241.png,00241,"(64, 64)",corduroy
./img/64/corduroy\00242.png,00242,"(64, 64)",corduroy
./img/64/corduroy\00243.png,00243,"(64, 64)",corduroy
./img/64/cotton\00244.png,00244,"(64, 64)",cotton
./img/64/cotton\00245.png,00245,"(64, 64)",cotton
./img/64/cotton\00246.png,00246,"(64, 64)",cotton
./img/64/cotton\00247.png,00247,"(64, 64)",cotton
./img/64/cotton\00248.png,00248,"(64, 64)",cotton
./img/64/cotton\00249.png,00249,"(64, 64)",cotton
./img/64/cotton\00250.png,00250,"(64, 64)",cotton
./img/64/cotton\00251.png,00251,"(64, 64)",cotton
./img/64/cotton\00252.png,00252,"(64, 64)",cotton
./img/64/cotton\00253.png,00253,"(64, 64)",cotton
./img/64/cotton\00254.png,00254,"(64, 64)",cotton
./img/64/cotton\00255.png,00255,"(64, 64)",cotton
./img/64/cotton\00256.png,00256,"(64, 64)",cotton
./img/64/cotton\00257.png,00257,"(64, 64)",cotton
./img/64/cotton\00258.png,00258,"(64, 64)",cotton
./img/64/cotton\00259.png,00259,"(64, 64)",cotton
./img/64/cotton\00260.png,00260,"(64, 64)",cotton
./img/64/cotton\00261.png,00261,"(64, 64)",cotton
./img/64/cotton\00262.png,00262,"(64, 64)",cotton
./img/64/cotton\00263.png,00263,"(64, 64)",cotton
./img/64/cotton\00264.png,00264,"(64, 64)",cotton
./img/64/cotton\00265.png,00265,"(64, 64)",cotton
./img/64/cotton\00266.png,00266,"(64, 64)",cotton
./img/64/cotton\00267.png,00267,"(64, 64)",cotton
./img/64/cotton\00268.png,00268,"(64, 64)",cotton
./img/64/cotton\00269.png,00269,"(64, 64)",cotton
./img/64/cotton\00270.png,00270,"(64, 64)",cotton
./img/64/cotton\00271.png,00271,"(64, 64)",cotton
./img/64/cotton\00272.png,00272,"(64, 64)",cotton
./img/64/cotton\00273.png,00273,"(64, 64)",cotton
./img/64/cotton\00274.png,00274,"(64, 64)",cotton
./img/64/cotton\00275.png,00275,"(64, 64)",cotton
./img/64/cotton\00276.png,00276,"(64, 64)",cotton
./img/64/cotton\00277.png,00277,"(64, 64)",cotton
./img/64/cotton\00278.png,00278,"(64, 64)",cotton
./img/64/cotton\00279.png,00279,"(64, 64)",cotton
./img/64/cotton\00280.png,00280,"(64, 64)",cotton
./img/64/cotton\00281.png,00281,"(64, 64)",cotton
./img/64/cotton\00282.png,00282,"(64, 64)",cotton
./img/64/cotton\00283.png,00283,"(64, 64)",cotton
./img/64/cotton\00284.png,00284,"(64, 64)",cotton
./img/64/cotton\00285.png,00285,"(64, 64)",cotton
./img/64/cotton\00286.png,00286,"(64, 64)",cotton
./img/64/cotton\00287.png,00287,"(64, 64)",cotton
./img/64/cotton\00288.png,00288,"(64, 64)",cotton
./img/64/cotton\00289.png,00289,"(64, 64)",cotton
./img/64/cotton\00290.png,00290,"(64, 64)",cotton
./img/64/cotton\00291.png,00291,"(64, 64)",cotton
./img/64/cotton\00292.png,00292,"(64, 64)",cotton
./img/64/cotton\00293.png,00293,"(64, 64)",cotton
./img/64/cotton\00294.png,00294,"(64, 64)",cotton
./img/64/cotton\00295.png,00295,"(64, 64)",cotton
./img/64/cotton\00296.png,00296,"(64, 64)",cotton
./img/64/cotton\00297.png,00297,"(64, 64)",cotton
./img/64/cotton\00298.png,00298,"(64, 64)",cotton
./img/64/cotton\00299.png,00299,"(64, 64)",cotton
./img/64/cotton\00300.png,00300,"(64, 64)",cotton
./img/64/cotton\00301.png,00301,"(64, 64)",cotton
./img/64/cotton\00302.png,00302,"(64, 64)",cotton
./img/64/cotton\00303.png,00303,"(64, 64)",cotton
./img/64/cotton\00304.png,00304,"(64, 64)",cotton
./img/64/cotton\00305.png,00305,"(64, 64)",cotton
./img/64/cotton\00306.png,00306,"(64, 64)",cotton
./img/64/cotton\00307.png,00307,"(64, 64)",cotton
./img/64/cotton\00308.png,00308,"(64, 64)",cotton
./img/64/cotton\00309.png,00309,"(64, 64)",cotton
./img/64/cotton\00310.png,00310,"(64, 64)",cotton
./img/64/cotton\00311.png,00311,"(64, 64)",cotton
./img/64/cotton\00312.png,00312,"(64, 64)",cotton
./img/64/cotton\00313.png,00313,"(64, 64)",cotton
./img/64/cotton\00314.png,00314,"(64, 64)",cotton
./img/64/cotton\00315.png,00315,"(64, 64)",cotton
./img/64/cotton\00316.png,00316,"(64, 64)",cotton
./img/64/cotton\00317.png,00317,"(64, 64)",cotton
./img/64/cotton\00318.png,00318,"(64, 64)",cotton
./img/64/cotton\00319.png,00319,"(64, 64)",cotton
./img/64/cotton\00320.png,00320,"(64, 64)",cotton
./img/64/cotton\00321.png,00321,"(64, 64)",cotton
./img/64/cotton\00322.png,00322,"(64, 64)",cotton
./img/64/cotton\00323.png,00323,"(64, 64)",cotton
./img/64/cotton\00324.png,00324,"(64, 64)",cotton
./img/64/cracker\00325.png,00325,"(64, 64)",cracker
./img/64/cracker\00326.png,00326,"(64, 64)",cracker
./img/64/cracker\00327.png,00327,"(64, 64)",cracker
./img/64/cracker\00328.png,00328,"(64, 64)",cracker
./img/64/cracker\00329.png,00329,"(64, 64)",cracker
./img/64/cracker\00330.png,00330,"(64, 64)",cracker
./img/64/cracker\00331.png,00331,"(64, 64)",cracker
./img/64/cracker\00332.png,00332,"(64, 64)",cracker
./img/64/cracker\00333.png,00333,"(64, 64)",cracker
./img/64/cracker\00334.png,00334,"(64, 64)",cracker
./img/64/cracker\00335.png,00335,"(64, 64)",cracker
./img/64/cracker\00336.png,00336,"(64, 64)",cracker
./img/64/cracker\00337.png,00337,"(64, 64)",cracker
./img/64/cracker\00338.png,00338,"(64, 64)",cracker
./img/64/cracker\00339.png,00339,"(64, 64)",cracker
./img/64/cracker\00340.png,00340,"(64, 64)",cracker
./img/64/cracker\00341.png,00341,"(64, 64)",cracker
./img/64/cracker\00342.png,00342,"(64, 64)",cracker
./img/64/cracker\00343.png,00343,"(64, 64)",cracker
./img/64/cracker\00344.png,00344,"(64, 64)",cracker
./img/64/cracker\00345.png,00345,"(64, 64)",cracker
./img/64/cracker\00346.png,00346,"(64, 64)",cracker
./img/64/cracker\00347.png,00347,"(64, 64)",cracker
./img/64/cracker\00348.png,00348,"(64, 64)",cracker
./img/64/cracker\00349.png,00349,"(64, 64)",cracker
./img/64/cracker\00350.png,00350,"(64, 64)",cracker
./img/64/cracker\00351.png,00351,"(64, 64)",cracker
./img/64/cracker\00352.png,00352,"(64, 64)",cracker
./img/64/cracker\00353.png,00353,"(64, 64)",cracker
./img/64/cracker\00354.png,00354,"(64, 64)",cracker
./img/64/cracker\00355.png,00355,"(64, 64)",cracker
./img/64/cracker\00356.png,00356,"(64, 64)",cracker
./img/64/cracker\00357.png,00357,"(64, 64)",cracker
./img/64/cracker\00358.png,00358,"(64, 64)",cracker
./img/64/cracker\00359.png,00359,"(64, 64)",cracker
./img/64/cracker\00360.png,00360,"(64, 64)",cracker
./img/64/cracker\00361.png,00361,"(64, 64)",cracker
./img/64/cracker\00362.png,00362,"(64, 64)",cracker
./img/64/cracker\00363.png,00363,"(64, 64)",cracker
./img/64/cracker\00364.png,00364,"(64, 64)",cracker
./img/64/cracker\00365.png,00365,"(64, 64)",cracker
./img/64/cracker\00366.png,00366,"(64, 64)",cracker
./img/64/cracker\00367.png,00367,"(64, 64)",cracker
./img/64/cracker\00368.png,00368,"(64, 64)",cracker
./img/64/cracker\00369.png,00369,"(64, 64)",cracker
./img/64/cracker\00370.png,00370,"(64, 64)",cracker
./img/64/cracker\00371.png,00371,"(64, 64)",cracker
./img/64/cracker\00372.png,00372,"(64, 64)",cracker
./img/64/cracker\00373.png,00373,"(64, 64)",cracker
./img/64/cracker\00374.png,00374,"(64, 64)",cracker
./img/64/cracker\00375.png,00375,"(64, 64)",cracker
./img/64/cracker\00376.png,00376,"(64, 64)",cracker
./img/64/cracker\00377.png,00377,"(64, 64)",cracker
./img/64/cracker\00378.png,00378,"(64, 64)",cracker
./img/64/cracker\00379.png,00379,"(64, 64)",cracker
./img/64/cracker\00380.png,00380,"(64, 64)",cracker
./img/64/cracker\00381.png,00381,"(64, 64)",cracker
./img/64/cracker\00382.png,00382,"(64, 64)",cracker
./img/64/cracker\00383.png,00383,"(64, 64)",cracker
./img/64/cracker\00384.png,00384,"(64, 64)",cracker
./img/64/cracker\00385.png,00385,"(64, 64)",cracker
./img/64/cracker\00386.png,00386,"(64, 64)",cracker
./img/64/cracker\00387.png,00387,"(64, 64)",cracker
./img/64/cracker\00388.png,00388,"(64, 64)",cracker
./img/64/cracker\00389.png,00389,"(64, 64)",cracker
./img/64/cracker\00390.png,00390,"(64, 64)",cracker
./img/64/cracker\00391.png,00391,"(64, 64)",cracker
./img/64/cracker\00392.png,00392,"(64, 64)",cracker
./img/64/cracker\00393.png,00393,"(64, 64)",cracker
./img/64/cracker\00394.png,00394,"(64, 64)",cracker
./img/64/cracker\00395.png,00395,"(64, 64)",cracker
./img/64/cracker\00396.png,00396,"(64, 64)",cracker
./img/64/cracker\00397.png,00397,"(64, 64)",cracker
./img/64/cracker\00398.png,00398,"(64, 64)",cracker
./img/64/cracker\00399.png,00399,"(64, 64)",cracker
./img/64/cracker\00400.png,00400,"(64, 64)",cracker
./img/64/cracker\00401.png,00401,"(64, 64)",cracker
./img/64/cracker\00402.png,00402,"(64, 64)",cracker
./img/64/cracker\00403.png,00403,"(64, 64)",cracker
./img/64/cracker\00404.png,00404,"(64, 64)",cracker
./img/64/cracker\00405.png,00405,"(64, 64)",cracker
./img/64/linen\00406.png,00406,"(64, 64)",linen
./img/64/linen\00407.png,00407,"(64, 64)",linen
./img/64/linen\00408.png,00408,"(64, 64)",linen
./img/64/linen\00409.png,00409,"(64, 64)",linen
./img/64/linen\00410.png,00410,"(64, 64)",linen
./img/64/linen\00411.png,00411,"(64, 64)",linen
./img/64/linen\00412.png,00412,"(64, 64)",linen
./img/64/linen\00413.png,00413,"(64, 64)",linen
./img/64/linen\00414.png,00414,"(64, 64)",linen
./img/64/linen\00415.png,00415,"(64, 64)",linen
./img/64/linen\00416.png,00416,"(64, 64)",linen
./img/64/linen\00417.png,00417,"(64, 64)",linen
./img/64/linen\00418.png,00418,"(64, 64)",linen
./img/64/linen\00419.png,00419,"(64, 64)",linen
./img/64/linen\00420.png,00420,"(64, 64)",linen
./img/64/linen\00421.png,00421,"(64, 64)",linen
./img/64/linen\00422.png,00422,"(64, 64)",linen
./img/64/linen\00423.png,00423,"(64, 64)",linen
./img/64/linen\00424.png,00424,"(64, 64)",linen
./img/64/linen\00425.png,00425,"(64, 64)",linen
./img/64/linen\00426.png,00426,"(64, 64)",linen
./img/64/linen\00427.png,00427,"(64, 64)",linen
./img/64/linen\00428.png,00428,"(64, 64)",linen
./img/64/linen\00429.png,00429,"(64, 64)",linen
./img/64/linen\00430.png,00430,"(64, 64)",linen
./img/64/linen\00431.png,00431,"(64, 64)",linen
./img/64/linen\00432.png,00432,"(64, 64)",linen
./img/64/linen\00433.png,00433,"(64, 64)",linen
./img/64/linen\00434.png,00434,"(64, 64)",linen
./img/64/linen\00435.png,00435,"(64, 64)",linen
./img/64/linen\00436.png,00436,"(64, 64)",linen
./img/64/linen\00437.png,00437,"(64, 64)",linen
./img/64/linen\00438.png,00438,"(64, 64)",linen
./img/64/linen\00439.png,00439,"(64, 64)",linen
./img/64/linen\00440.png,00440,"(64, 64)",linen
./img/64/linen\00441.png,00441,"(64, 64)",linen
./img/64/linen\00442.png,00442,"(64, 64)",linen
./img/64/linen\00443.png,00443,"(64, 64)",linen
./img/64/linen\00444.png,00444,"(64, 64)",linen
./img/64/linen\00445.png,00445,"(64, 64)",linen
./img/64/linen\00446.png,00446,"(64, 64)",linen
./img/64/linen\00447.png,00447,"(64, 64)",linen
./img/64/linen\00448.png,00448,"(64, 64)",linen
./img/64/linen\00449.png,00449,"(64, 64)",linen
./img/64/linen\00450.png,00450,"(64, 64)",linen
./img/64/linen\00451.png,00451,"(64, 64)",linen
./img/64/linen\00452.png,00452,"(64, 64)",linen
./img/64/linen\00453.png,00453,"(64, 64)",linen
./img/64/linen\00454.png,00454,"(64, 64)",linen
./img/64/linen\00455.png,00455,"(64, 64)",linen
./img/64/linen\00456.png,00456,"(64, 64)",linen
./img/64/linen\00457.png,00457,"(64, 64)",linen
./img/64/linen\00458.png,00458,"(64, 64)",linen
./img/64/linen\00459.png,00459,"(64, 64)",linen
./img/64/linen\00460.png,00460,"(64, 64)",linen
./img/64/linen\00461.png,00461,"(64, 64)",linen
./img/64/linen\00462.png,00462,"(64, 64)",linen
./img/64/linen\00463.png,00463,"(64, 64)",linen
./img/64/linen\00464.png,00464,"(64, 64)",linen
./img/64/linen\00465.png,00465,"(64, 64)",linen
./img/64/linen\00466.png,00466,"(64, 64)",linen
./img/64/linen\00467.png,00467,"(64, 64)",linen
./img/64/linen\00468.png,00468,"(64, 64)",linen
./img/64/linen\00469.png,00469,"(64, 64)",linen
./img/64/linen\00470.png,00470,"(64, 64)",linen
./img/64/linen\00471.png,00471,"(64, 64)",linen
./img/64/linen\00472.png,00472,"(64, 64)",linen
./img/64/linen\00473.png,00473,"(64, 64)",linen
./img/64/linen\00474.png,00474,"(64, 64)",linen
./img/64/linen\00475.png,00475,"(64, 64)",linen
./img/64/linen\00476.png,00476,"(64, 64)",linen
./img/64/linen\00477.png,00477,"(64, 64)",linen
./img/64/linen\00478.png,00478,"(64, 64)",linen
./img/64/linen\00479.png,00479,"(64, 64)",linen
./img/64/linen\00480.png,00480,"(64, 64)",linen
./img/64/linen\00481.png,00481,"(64, 64)",linen
./img/64/linen\00482.png,00482,"(64, 64)",linen
./img/64/linen\00483.png,00483,"(64, 64)",linen
./img/64/linen\00484.png,00484,"(64, 64)",linen
./img/64/linen\00485.png,00485,"(64, 64)",linen
./img/64/linen\00486.png,00486,"(64, 64)",linen
./img/64/orange_peel\00487.png,00487,"(64, 64)",orange_peel
./img/64/orange_peel\00488.png,00488,"(64, 64)",orange_peel
./img/64/orange_peel\00489.png,00489,"(64, 64)",orange_peel
./img/64/orange_peel\00490.png,00490,"(64, 64)",orange_peel
./img/64/orange_peel\00491.png,00491,"(64, 64)",orange_peel
./img/64/orange_peel\00492.png,00492,"(64, 64)",orange_peel
./img/64/orange_peel\00493.png,00493,"(64, 64)",orange_peel
./img/64/orange_peel\00494.png,00494,"(64, 64)",orange_peel
./img/64/orange_peel\00495.png,00495,"(64, 64)",orange_peel
./img/64/orange_peel\00496.png,00496,"(64, 64)",orange_peel
./img/64/orange_peel\00497.png,00497,"(64, 64)",orange_peel
./img/64/orange_peel\00498.png,00498,"(64, 64)",orange_peel
./img/64/orange_peel\00499.png,00499,"(64, 64)",orange_peel
./img/64/orange_peel\00500.png,00500,"(64, 64)",orange_peel
./img/64/orange_peel\00501.png,00501,"(64, 64)",orange_peel
./img/64/orange_peel\00502.png,00502,"(64, 64)",orange_peel
./img/64/orange_peel\00503.png,00503,"(64, 64)",orange_peel
./img/64/orange_peel\00504.png,00504,"(64, 64)",orange_peel
./img/64/orange_peel\00505.png,00505,"(64, 64)",orange_peel
./img/64/orange_peel\00506.png,00506,"(64, 64)",orange_peel
./img/64/orange_peel\00507.png,00507,"(64, 64)",orange_peel
./img/64/orange_peel\00508.png,00508,"(64, 64)",orange_peel
./img/64/orange_peel\00509.png,00509,"(64, 64)",orange_peel
./img/64/orange_peel\00510.png,00510,"(64, 64)",orange_peel
./img/64/orange_peel\00511.png,00511,"(64, 64)",orange_peel
./img/64/orange_peel\00512.png,00512,"(64, 64)",orange_peel
./img/64/orange_peel\00513.png,00513,"(64, 64)",orange_peel
./img/64/orange_peel\00514.png,00514,"(64, 64)",orange_peel
./img/64/orange_peel\00515.png,00515,"(64, 64)",orange_peel
./img/64/orange_peel\00516.png,00516,"(64, 64)",orange_peel
./img/64/orange_peel\00517.png,00517,"(64, 64)",orange_peel
./img/64/orange_peel\00518.png,00518,"(64, 64)",orange_peel
./img/64/orange_peel\00519.png,00519,"(64, 64)",orange_peel
./img/64/orange_peel\00520.png,00520,"(64, 64)",orange_peel
./img/64/orange_peel\00521.png,00521,"(64, 64)",orange_peel
./img/64/orange_peel\00522.png,00522,"(64, 64)",orange_peel
./img/64/orange_peel\00523.png,00523,"(64, 64)",orange_peel
./img/64/orange_peel\00524.png,00524,"(64, 64)",orange_peel
./img/64/orange_peel\00525.png,00525,"(64, 64)",orange_peel
./img/64/orange_peel\00526.png,00526,"(64, 64)",orange_peel
./img/64/orange_peel\00527.png,00527,"(64, 64)",orange_peel
./img/64/orange_peel\00528.png,00528,"(64, 64)",orange_peel
./img/64/orange_peel\00529.png,00529,"(64, 64)",orange_peel
./img/64/orange_peel\00530.png,00530,"(64, 64)",orange_peel
./img/64/orange_peel\00531.png,00531,"(64, 64)",orange_peel
./img/64/orange_peel\00532.png,00532,"(64, 64)",orange_peel
./img/64/orange_peel\00533.png,00533,"(64, 64)",orange_peel
./img/64/orange_peel\00534.png,00534,"(64, 64)",orange_peel
./img/64/orange_peel\00535.png,00535,"(64, 64)",orange_peel
./img/64/orange_peel\00536.png,00536,"(64, 64)",orange_peel
./img/64/orange_peel\00537.png,00537,"(64, 64)",orange_peel
./img/64/orange_peel\00538.png,00538,"(64, 64)",orange_peel
./img/64/orange_peel\00539.png,00539,"(64, 64)",orange_peel
./img/64/orange_peel\00540.png,00540,"(64, 64)",orange_peel
./img/64/orange_peel\00541.png,00541,"(64, 64)",orange_peel
./img/64/orange_peel\00542.png,00542,"(64, 64)",orange_peel
./img/64/orange_peel\00543.png,00543,"(64, 64)",orange_peel
./img/64/orange_peel\00544.png,00544,"(64, 64)",orange_peel
./img/64/orange_peel\00545.png,00545,"(64, 64)",orange_peel
./img/64/orange_peel\00546.png,00546,"(64, 64)",orange_peel
./img/64/orange_peel\00547.png,00547,"(64, 64)",orange_peel
./img/64/orange_peel\00548.png,00548,"(64, 64)",orange_peel
./img/64/orange_peel\00549.png,00549,"(64, 64)",orange_peel
./img/64/orange_peel\00550.png,00550,"(64, 64)",orange_peel
./img/64/orange_peel\00551.png,00551,"(64, 64)",orange_peel
./img/64/orange_peel\00552.png,00552,"(64, 64)",orange_peel
./img/64/orange_peel\00553.png,00553,"(64, 64)",orange_peel
./img/64/orange_peel\00554.png,00554,"(64, 64)",orange_peel
./img/64/orange_peel\00555.png,00555,"(64, 64)",orange_peel
./img/64/orange_peel\00556.png,00556,"(64, 64)",orange_peel
./img/64/orange_peel\00557.png,00557,"(64, 64)",orange_peel
./img/64/orange_peel\00558.png,00558,"(64, 64)",orange_peel
./img/64/orange_peel\00559.png,00559,"(64, 64)",orange_peel
./img/64/orange_peel\00560.png,00560,"(64, 64)",orange_peel
./img/64/orange_peel\00561.png,00561,"(64, 64)",orange_peel
./img/64/orange_peel\00562.png,00562,"(64, 64)",orange_peel
./img/64/orange_peel\00563.png,00563,"(64, 64)",orange_peel
./img/64/orange_peel\00564.png,00564,"(64, 64)",orange_peel
./img/64/orange_peel\00565.png,00565,"(64, 64)",orange_peel
./img/64/orange_peel\00566.png,00566,"(64, 64)",orange_peel
./img/64/orange_peel\00567.png,00567,"(64, 64)",orange_peel
./img/64/sandpaper\00568.png,00568,"(64, 64)",sandpaper
./img/64/sandpaper\00569.png,00569,"(64, 64)",sandpaper
./img/64/sandpaper\00570.png,00570,"(64, 64)",sandpaper
./img/64/sandpaper\00571.png,00571,"(64, 64)",sandpaper
./img/64/sandpaper\00572.png,00572,"(64, 64)",sandpaper
./img/64/sandpaper\00573.png,00573,"(64, 64)",sandpaper
./img/64/sandpaper\00574.png,00574,"(64, 64)",sandpaper
./img/64/sandpaper\00575.png,00575,"(64, 64)",sandpaper
./img/64/sandpaper\00576.png,00576,"(64, 64)",sandpaper
./img/64/sandpaper\00577.png,00577,"(64, 64)",sandpaper
./img/64/sandpaper\00578.png,00578,"(64, 64)",sandpaper
./img/64/sandpaper\00579.png,00579,"(64, 64)",sandpaper
./img/64/sandpaper\00580.png,00580,"(64, 64)",sandpaper
./img/64/sandpaper\00581.png,00581,"(64, 64)",sandpaper
./img/64/sandpaper\00582.png,00582,"(64, 64)",sandpaper
./img/64/sandpaper\00583.png,00583,"(64, 64)",sandpaper
./img/64/sandpaper\00584.png,00584,"(64, 64)",sandpaper
./img/64/sandpaper\00585.png,00585,"(64, 64)",sandpaper
./img/64/sandpaper\00586.png,00586,"(64, 64)",sandpaper
./img/64/sandpaper\00587.png,00587,"(64, 64)",sandpaper
./img/64/sandpaper\00588.png,00588,"(64, 64)",sandpaper
./img/64/sandpaper\00589.png,00589,"(64, 64)",sandpaper
./img/64/sandpaper\00590.png,00590,"(64, 64)",sandpaper
./img/64/sandpaper\00591.png,00591,"(64, 64)",sandpaper
./img/64/sandpaper\00592.png,00592,"(64, 64)",sandpaper
./img/64/sandpaper\00593.png,00593,"(64, 64)",sandpaper
./img/64/sandpaper\00594.png,00594,"(64, 64)",sandpaper
./img/64/sandpaper\00595.png,00595,"(64, 64)",sandpaper
./img/64/sandpaper\00596.png,00596,"(64, 64)",sandpaper
./img/64/sandpaper\00597.png,00597,"(64, 64)",sandpaper
./img/64/sandpaper\00598.png,00598,"(64, 64)",sandpaper
./img/64/sandpaper\00599.png,00599,"(64, 64)",sandpaper
./img/64/sandpaper\00600.png,00600,"(64, 64)",sandpaper
./img/64/sandpaper\00601.png,00601,"(64, 64)",sandpaper
./img/64/sandpaper\00602.png,00602,"(64, 64)",sandpaper
./img/64/sandpaper\00603.png,00603,"(64, 64)",sandpaper
./img/64/sandpaper\00604.png,00604,"(64, 64)",sandpaper
./img/64/sandpaper\00605.png,00605,"(64, 64)",sandpaper
./img/64/sandpaper\00606.png,00606,"(64, 64)",sandpaper
./img/64/sandpaper\00607.png,00607,"(64, 64)",sandpaper
./img/64/sandpaper\00608.png,00608,"(64, 64)",sandpaper
./img/64/sandpaper\00609.png,00609,"(64, 64)",sandpaper
./img/64/sandpaper\00610.png,00610,"(64, 64)",sandpaper
./img/64/sandpaper\00611.png,00611,"(64, 64)",sandpaper
./img/64/sandpaper\00612.png,00612,"(64, 64)",sandpaper
./img/64/sandpaper\00613.png,00613,"(64, 64)",sandpaper
./img/64/sandpaper\00614.png,00614,"(64, 64)",sandpaper
./img/64/sandpaper\00615.png,00615,"(64, 64)",sandpaper
./img/64/sandpaper\00616.png,00616,"(64, 64)",sandpaper
./img/64/sandpaper\00617.png,00617,"(64, 64)",sandpaper
./img/64/sandpaper\00618.png,00618,"(64, 64)",sandpaper
./img/64/sandpaper\00619.png,00619,"(64, 64)",sandpaper
./img/64/sandpaper\00620.png,00620,"(64, 64)",sandpaper
./img/64/sandpaper\00621.png,00621,"(64, 64)",sandpaper
./img/64/sandpaper\00622.png,00622,"(64, 64)",sandpaper
./img/64/sandpaper\00623.png,00623,"(64, 64)",sandpaper
./img/64/sandpaper\00624.png,00624,"(64, 64)",sandpaper
./img/64/sandpaper\00625.png,00625,"(64, 64)",sandpaper
./img/64/sandpaper\00626.png,00626,"(64, 64)",sandpaper
./img/64/sandpaper\00627.png,00627,"(64, 64)",sandpaper
./img/64/sandpaper\00628.png,00628,"(64, 64)",sandpaper
./img/64/sandpaper\00629.png,00629,"(64, 64)",sandpaper
./img/64/sandpaper\00630.png,00630,"(64, 64)",sandpaper
./img/64/sandpaper\00631.png,00631,"(64, 64)",sandpaper
./img/64/sandpaper\00632.png,00632,"(64, 64)",sandpaper
./img/64/sandpaper\00633.png,00633,"(64, 64)",sandpaper
./img/64/sandpaper\00634.png,00634,"(64, 64)",sandpaper
./img/64/sandpaper\00635.png,00635,"(64, 64)",sandpaper
./img/64/sandpaper\00636.png,00636,"(64, 64)",sandpaper
./img/64/sandpaper\00637.png,00637,"(64, 64)",sandpaper
./img/64/sandpaper\00638.png,00638,"(64, 64)",sandpaper
./img/64/sandpaper\00639.png,00639,"(64, 64)",sandpaper
./img/64/sandpaper\00640.png,00640,"(64, 64)",sandpaper
./img/64/sandpaper\00641.png,00641,"(64, 64)",sandpaper
./img/64/sandpaper\00642.png,00642,"(64, 64)",sandpaper
./img/64/sandpaper\00643.png,00643,"(64, 64)",sandpaper
./img/64/sandpaper\00644.png,00644,"(64, 64)",sandpaper
./img/64/sandpaper\00645.png,00645,"(64, 64)",sandpaper
./img/64/sandpaper\00646.png,00646,"(64, 64)",sandpaper
./img/64/sandpaper\00647.png,00647,"(64, 64)",sandpaper
./img/64/sandpaper\00648.png,00648,"(64, 64)",sandpaper
./img/64/sponge\00649.png,00649,"(64, 64)",sponge
./img/64/sponge\00650.png,00650,"(64, 64)",sponge
./img/64/sponge\00651.png,00651,"(64, 64)",sponge
./img/64/sponge\00652.png,00652,"(64, 64)",sponge
./img/64/sponge\00653.png,00653,"(64, 64)",sponge
./img/64/sponge\00654.png,00654,"(64, 64)",sponge
./img/64/sponge\00655.png,00655,"(64, 64)",sponge
./img/64/sponge\00656.png,00656,"(64, 64)",sponge
./img/64/sponge\00657.png,00657,"(64, 64)",sponge
./img/64/sponge\00658.png,00658,"(64, 64)",sponge
./img/64/sponge\00659.png,00659,"(64, 64)",sponge
./img/64/sponge\00660.png,00660,"(64, 64)",sponge
./img/64/sponge\00661.png,00661,"(64, 64)",sponge
./img/64/sponge\00662.png,00662,"(64, 64)",sponge
./img/64/sponge\00663.png,00663,"(64, 64)",sponge
./img/64/sponge\00664.png,00664,"(64, 64)",sponge
./img/64/sponge\00665.png,00665,"(64, 64)",sponge
./img/64/sponge\00666.png,00666,"(64, 64)",sponge
./img/64/sponge\00667.png,00667,"(64, 64)",sponge
./img/64/sponge\00668.png,00668,"(64, 64)",sponge
./img/64/sponge\00669.png,00669,"(64, 64)",sponge
./img/64/sponge\00670.png,00670,"(64, 64)",sponge
./img/64/sponge\00671.png,00671,"(64, 64)",sponge
./img/64/sponge\00672.png,00672,"(64, 64)",sponge
./img/64/sponge\00673.png,00673,"(64, 64)",sponge
./img/64/sponge\00674.png,00674,"(64, 64)",sponge
./img/64/sponge\00675.png,00675,"(64, 64)",sponge
./img/64/sponge\00676.png,00676,"(64, 64)",sponge
./img/64/sponge\00677.png,00677,"(64, 64)",sponge
./img/64/sponge\00678.png,00678,"(64, 64)",sponge
./img/64/sponge\00679.png,00679,"(64, 64)",sponge
./img/64/sponge\00680.png,00680,"(64, 64)",sponge
./img/64/sponge\00681.png,00681,"(64, 64)",sponge
./img/64/sponge\00682.png,00682,"(64, 64)",sponge
./img/64/sponge\00683.png,00683,"(64, 64)",sponge
./img/64/sponge\00684.png,00684,"(64, 64)",sponge
./img/64/sponge\00685.png,00685,"(64, 64)",sponge
./img/64/sponge\00686.png,00686,"(64, 64)",sponge
./img/64/sponge\00687.png,00687,"(64, 64)",sponge
./img/64/sponge\00688.png,00688,"(64, 64)",sponge
./img/64/sponge\00689.png,00689,"(64, 64)",sponge
./img/64/sponge\00690.png,00690,"(64, 64)",sponge
./img/64/sponge\00691.png,00691,"(64, 64)",sponge
./img/64/sponge\00692.png,00692,"(64, 64)",sponge
./img/64/sponge\00693.png,00693,"(64, 64)",sponge
./img/64/sponge\00694.png,00694,"(64, 64)",sponge
./img/64/sponge\00695.png,00695,"(64, 64)",sponge
./img/64/sponge\00696.png,00696,"(64, 64)",sponge
./img/64/sponge\00697.png,00697,"(64, 64)",sponge
./img/64/sponge\00698.png,00698,"(64, 64)",sponge
./img/64/sponge\00699.png,00699,"(64, 64)",sponge
./img/64/sponge\00700.png,00700,"(64, 64)",sponge
./img/64/sponge\00701.png,00701,"(64, 64)",sponge
./img/64/sponge\00702.png,00702,"(64, 64)",sponge
./img/64/sponge\00703.png,00703,"(64, 64)",sponge
./img/64/sponge\00704.png,00704,"(64, 64)",sponge
./img/64/sponge\00705.png,00705,"(64, 64)",sponge
./img/64/sponge\00706.png,00706,"(64, 64)",sponge
./img/64/sponge\00707.png,00707,"(64, 64)",sponge
./img/64/sponge\00708.png,00708,"(64, 64)",sponge
./img/64/sponge\00709.png,00709,"(64, 64)",sponge
./img/64/sponge\00710.png,00710,"(64, 64)",sponge
./img/64/sponge\00711.png,00711,"(64, 64)",sponge
./img/64/sponge\00712.png,00712,"(64, 64)",sponge
./img/64/sponge\00713.png,00713,"(64, 64)",sponge
./img/64/sponge\00714.png,00714,"(64, 64)",sponge
./img/64/sponge\00715.png,00715,"(64, 64)",sponge
./img/64/sponge\00716.png,00716,"(64, 64)",sponge
./img/64/sponge\00717.png,00717,"(64, 64)",sponge
./img/64/sponge\00718.png,00718,"(64, 64)",sponge
./img/64/sponge\00719.png,00719,"(64, 64)",sponge
./img/64/sponge\00720.png,00720,"(64, 64)",sponge
./img/64/sponge\00721.png,00721,"(64, 64)",sponge
./img/64/sponge\00722.png,00722,"(64, 64)",sponge
./img/64/sponge\00723.png,00723,"(64, 64)",sponge
./img/64/sponge\00724.png,00724,"(64, 64)",sponge
./img/64/sponge\00725.png,00725,"(64, 64)",sponge
./img/64/sponge\00726.png,00726,"(64, 64)",sponge
./img/64/sponge\00727.png,00727,"(64, 64)",sponge
./img/64/sponge\00728.png,00728,"(64, 64)",sponge
./img/64/sponge\00729.png,00729,"(64, 64)",sponge
./img/64/styrofoam\00730.png,00730,"(64, 64)",styrofoam
./img/64/styrofoam\00731.png,00731,"(64, 64)",styrofoam
./img/64/styrofoam\00732.png,00732,"(64, 64)",styrofoam
./img/64/styrofoam\00733.png,00733,"(64, 64)",styrofoam
./img/64/styrofoam\00734.png,00734,"(64, 64)",styrofoam
./img/64/styrofoam\00735.png,00735,"(64, 64)",styrofoam
./img/64/styrofoam\00736.png,00736,"(64, 64)",styrofoam
./img/64/styrofoam\00737.png,00737,"(64, 64)",styrofoam
./img/64/styrofoam\00738.png,00738,"(64, 64)",styrofoam
./img/64/styrofoam\00739.png,00739,"(64, 64)",styrofoam
./img/64/styrofoam\00740.png,00740,"(64, 64)",styrofoam
./img/64/styrofoam\00741.png,00741,"(64, 64)",styrofoam
./img/64/styrofoam\00742.png,00742,"(64, 64)",styrofoam
./img/64/styrofoam\00743.png,00743,"(64, 64)",styrofoam
./img/64/styrofoam\00744.png,00744,"(64, 64)",styrofoam
./img/64/styrofoam\00745.png,00745,"(64, 64)",styrofoam
./img/64/styrofoam\00746.png,00746,"(64, 64)",styrofoam
./img/64/styrofoam\00747.png,00747,"(64, 64)",styrofoam
./img/64/styrofoam\00748.png,00748,"(64, 64)",styrofoam
./img/64/styrofoam\00749.png,00749,"(64, 64)",styrofoam
./img/64/styrofoam\00750.png,00750,"(64, 64)",styrofoam
./img/64/styrofoam\00751.png,00751,"(64, 64)",styrofoam
./img/64/styrofoam\00752.png,00752,"(64, 64)",styrofoam
./img/64/styrofoam\00753.png,00753,"(64, 64)",styrofoam
./img/64/styrofoam\00754.png,00754,"(64, 64)",styrofoam
./img/64/styrofoam\00755.png,00755,"(64, 64)",styrofoam
./img/64/styrofoam\00756.png,00756,"(64, 64)",styrofoam
./img/64/styrofoam\00757.png,00757,"(64, 64)",styrofoam
./img/64/styrofoam\00758.png,00758,"(64, 64)",styrofoam
./img/64/styrofoam\00759.png,00759,"(64, 64)",styrofoam
./img/64/styrofoam\00760.png,00760,"(64, 64)",styrofoam
./img/64/styrofoam\00761.png,00761,"(64, 64)",styrofoam
./img/64/styrofoam\00762.png,00762,"(64, 64)",styrofoam
./img/64/styrofoam\00763.png,00763,"(64, 64)",styrofoam
./img/64/styrofoam\00764.png,00764,"(64, 64)",styrofoam
./img/64/styrofoam\00765.png,00765,"(64, 64)",styrofoam
./img/64/styrofoam\00766.png,00766,"(64, 64)",styrofoam
./img/64/styrofoam\00767.png,00767,"(64, 64)",styrofoam
./img/64/styrofoam\00768.png,00768,"(64, 64)",styrofoam
./img/64/styrofoam\00769.png,00769,"(64, 64)",styrofoam
./img/64/styrofoam\00770.png,00770,"(64, 64)",styrofoam
./img/64/styrofoam\00771.png,00771,"(64, 64)",styrofoam
./img/64/styrofoam\00772.png,00772,"(64, 64)",styrofoam
./img/64/styrofoam\00773.png,00773,"(64, 64)",styrofoam
./img/64/styrofoam\00774.png,00774,"(64, 64)",styrofoam
./img/64/styrofoam\00775.png,00775,"(64, 64)",styrofoam
./img/64/styrofoam\00776.png,00776,"(64, 64)",styrofoam
./img/64/styrofoam\00777.png,00777,"(64, 64)",styrofoam
./img/64/styrofoam\00778.png,00778,"(64, 64)",styrofoam
./img/64/styrofoam\00779.png,00779,"(64, 64)",styrofoam
./img/64/styrofoam\00780.png,00780,"(64, 64)",styrofoam
./img/64/styrofoam\00781.png,00781,"(64, 64)",styrofoam
./img/64/styrofoam\00782.png,00782,"(64, 64)",styrofoam
./img/64/styrofoam\00783.png,00783,"(64, 64)",styrofoam
./img/64/styrofoam\00784.png,00784,"(64, 64)",styrofoam
./img/64/styrofoam\00785.png,00785,"(64, 64)",styrofoam
./img/64/styrofoam\00786.png,00786,"(64, 64)",styrofoam
./img/64/styrofoam\00787.png,00787,"(64, 64)",styrofoam
./img/64/styrofoam\00788.png,00788,"(64, 64)",styrofoam
./img/64/styrofoam\00789.png,00789,"(64, 64)",styrofoam
./img/64/styrofoam\00790.png,00790,"(64, 64)",styrofoam
./img/64/styrofoam\00791.png,00791,"(64, 64)",styrofoam
./img/64/styrofoam\00792.png,00792,"(64, 64)",styrofoam
./img/64/styrofoam\00793.png,00793,"(64, 64)",styrofoam
./img/64/styrofoam\00794.png,00794,"(64, 64)",styrofoam
./img/64/styrofoam\00795.png,00795,"(64, 64)",styrofoam
./img/64/styrofoam\00796.png,00796,"(64, 64)",styrofoam
./img/64/styrofoam\00797.png,00797,"(64, 64)",styrofoam
./img/64/styrofoam\00798.png,00798,"(64, 64)",styrofoam
./img/64/styrofoam\00799.png,00799,"(64, 64)",styrofoam
./img/64/styrofoam\00800.png,00800,"(64, 64)",styrofoam
./img/64/styrofoam\00801.png,00801,"(64, 64)",styrofoam
./img/64/styrofoam\00802.png,00802,"(64, 64)",styrofoam
./img/64/styrofoam\00803.png,00803,"(64, 64)",styrofoam
./img/64/styrofoam\00804.png,00804,"(64, 64)",styrofoam
./img/64/styrofoam\00805.png,00805,"(64, 64)",styrofoam
./img/64/styrofoam\00806.png,00806,"(64, 64)",styrofoam
./img/64/styrofoam\00807.png,00807,"(64, 64)",styrofoam
./img/64/styrofoam\00808.png,00808,"(64, 64)",styrofoam
./img/64/styrofoam\00809.png,00809,"(64, 64)",styrofoam
./img/64/styrofoam\00810.png,00810,"(64, 64)",styrofoam
