image_file,image_id,image_size,class,embedding_file,embedding_method
./img/128/aluminium_foil/00001.png,1,"(128, 128)",aluminium_foil,./emb/128/raster2\aluminium_foil\00001.npy,raster2
./img/128/aluminium_foil/00002.png,2,"(128, 128)",aluminium_foil,./emb/128/raster2\aluminium_foil\00002.npy,raster2
./img/128/aluminium_foil/00003.png,3,"(128, 128)",aluminium_foil,./emb/128/raster2\aluminium_foil\00003.npy,raster2
./img/128/aluminium_foil/00004.png,4,"(128, 128)",aluminium_foil,./emb/128/raster2\aluminium_foil\00004.npy,raster2
./img/128/aluminium_foil/00005.png,5,"(128, 128)",aluminium_foil,./emb/128/raster2\aluminium_foil\00005.npy,raster2
./img/128/aluminium_foil/00006.png,6,"(128, 128)",aluminium_foil,./emb/128/raster2\aluminium_foil\00006.npy,raster2
./img/128/aluminium_foil/00007.png,7,"(128, 128)",aluminium_foil,./emb/128/raster2\aluminium_foil\00007.npy,raster2
./img/128/aluminium_foil/00008.png,8,"(128, 128)",aluminium_foil,./emb/128/raster2\aluminium_foil\00008.npy,raster2
./img/128/aluminium_foil/00009.png,9,"(128, 128)",aluminium_foil,./emb/128/raster2\aluminium_foil\00009.npy,raster2
./img/128/aluminium_foil/00010.png,10,"(128, 128)",aluminium_foil,./emb/128/raster2\aluminium_foil\00010.npy,raster2
./img/128/aluminium_foil/00011.png,11,"(128, 128)",aluminium_foil,./emb/128/raster2\aluminium_foil\00011.npy,raster2
./img/128/aluminium_foil/00012.png,12,"(128, 128)",aluminium_foil,./emb/128/raster2\aluminium_foil\00012.npy,raster2
./img/128/aluminium_foil/00013.png,13,"(128, 128)",aluminium_foil,./emb/128/raster2\aluminium_foil\00013.npy,raster2
./img/128/aluminium_foil/00014.png,14,"(128, 128)",aluminium_foil,./emb/128/raster2\aluminium_foil\00014.npy,raster2
./img/128/aluminium_foil/00015.png,15,"(128, 128)",aluminium_foil,./emb/128/raster2\aluminium_foil\00015.npy,raster2
./img/128/aluminium_foil/00016.png,16,"(128, 128)",aluminium_foil,./emb/128/raster2\aluminium_foil\00016.npy,raster2
./img/128/aluminium_foil/00017.png,17,"(128, 128)",aluminium_foil,./emb/128/raster2\aluminium_foil\00017.npy,raster2
./img/128/aluminium_foil/00018.png,18,"(128, 128)",aluminium_foil,./emb/128/raster2\aluminium_foil\00018.npy,raster2
./img/128/aluminium_foil/00019.png,19,"(128, 128)",aluminium_foil,./emb/128/raster2\aluminium_foil\00019.npy,raster2
./img/128/aluminium_foil/00020.png,20,"(128, 128)",aluminium_foil,./emb/128/raster2\aluminium_foil\00020.npy,raster2
./img/128/aluminium_foil/00021.png,21,"(128, 128)",aluminium_foil,./emb/128/raster2\aluminium_foil\00021.npy,raster2
./img/128/aluminium_foil/00022.png,22,"(128, 128)",aluminium_foil,./emb/128/raster2\aluminium_foil\00022.npy,raster2
./img/128/aluminium_foil/00023.png,23,"(128, 128)",aluminium_foil,./emb/128/raster2\aluminium_foil\00023.npy,raster2
./img/128/aluminium_foil/00024.png,24,"(128, 128)",aluminium_foil,./emb/128/raster2\aluminium_foil\00024.npy,raster2
./img/128/aluminium_foil/00025.png,25,"(128, 128)",aluminium_foil,./emb/128/raster2\aluminium_foil\00025.npy,raster2
./img/128/aluminium_foil/00026.png,26,"(128, 128)",aluminium_foil,./emb/128/raster2\aluminium_foil\00026.npy,raster2
./img/128/aluminium_foil/00027.png,27,"(128, 128)",aluminium_foil,./emb/128/raster2\aluminium_foil\00027.npy,raster2
./img/128/aluminium_foil/00028.png,28,"(128, 128)",aluminium_foil,./emb/128/raster2\aluminium_foil\00028.npy,raster2
./img/128/aluminium_foil/00029.png,29,"(128, 128)",aluminium_foil,./emb/128/raster2\aluminium_foil\00029.npy,raster2
./img/128/aluminium_foil/00030.png,30,"(128, 128)",aluminium_foil,./emb/128/raster2\aluminium_foil\00030.npy,raster2
./img/128/aluminium_foil/00031.png,31,"(128, 128)",aluminium_foil,./emb/128/raster2\aluminium_foil\00031.npy,raster2
./img/128/aluminium_foil/00032.png,32,"(128, 128)",aluminium_foil,./emb/128/raster2\aluminium_foil\00032.npy,raster2
./img/128/aluminium_foil/00033.png,33,"(128, 128)",aluminium_foil,./emb/128/raster2\aluminium_foil\00033.npy,raster2
./img/128/aluminium_foil/00034.png,34,"(128, 128)",aluminium_foil,./emb/128/raster2\aluminium_foil\00034.npy,raster2
./img/128/aluminium_foil/00035.png,35,"(128, 128)",aluminium_foil,./emb/128/raster2\aluminium_foil\00035.npy,raster2
./img/128/aluminium_foil/00036.png,36,"(128, 128)",aluminium_foil,./emb/128/raster2\aluminium_foil\00036.npy,raster2
./img/128/aluminium_foil/00037.png,37,"(128, 128)",aluminium_foil,./emb/128/raster2\aluminium_foil\00037.npy,raster2
./img/128/aluminium_foil/00038.png,38,"(128, 128)",aluminium_foil,./emb/128/raster2\aluminium_foil\00038.npy,raster2
./img/128/aluminium_foil/00039.png,39,"(128, 128)",aluminium_foil,./emb/128/raster2\aluminium_foil\00039.npy,raster2
./img/128/aluminium_foil/00040.png,40,"(128, 128)",aluminium_foil,./emb/128/raster2\aluminium_foil\00040.npy,raster2
./img/128/aluminium_foil/00041.png,41,"(128, 128)",aluminium_foil,./emb/128/raster2\aluminium_foil\00041.npy,raster2
./img/128/aluminium_foil/00042.png,42,"(128, 128)",aluminium_foil,./emb/128/raster2\aluminium_foil\00042.npy,raster2
./img/128/aluminium_foil/00043.png,43,"(128, 128)",aluminium_foil,./emb/128/raster2\aluminium_foil\00043.npy,raster2
./img/128/aluminium_foil/00044.png,44,"(128, 128)",aluminium_foil,./emb/128/raster2\aluminium_foil\00044.npy,raster2
./img/128/aluminium_foil/00045.png,45,"(128, 128)",aluminium_foil,./emb/128/raster2\aluminium_foil\00045.npy,raster2
./img/128/aluminium_foil/00046.png,46,"(128, 128)",aluminium_foil,./emb/128/raster2\aluminium_foil\00046.npy,raster2
./img/128/aluminium_foil/00047.png,47,"(128, 128)",aluminium_foil,./emb/128/raster2\aluminium_foil\00047.npy,raster2
./img/128/aluminium_foil/00048.png,48,"(128, 128)",aluminium_foil,./emb/128/raster2\aluminium_foil\00048.npy,raster2
./img/128/aluminium_foil/00049.png,49,"(128, 128)",aluminium_foil,./emb/128/raster2\aluminium_foil\00049.npy,raster2
./img/128/aluminium_foil/00050.png,50,"(128, 128)",aluminium_foil,./emb/128/raster2\aluminium_foil\00050.npy,raster2
./img/128/aluminium_foil/00051.png,51,"(128, 128)",aluminium_foil,./emb/128/raster2\aluminium_foil\00051.npy,raster2
./img/128/aluminium_foil/00052.png,52,"(128, 128)",aluminium_foil,./emb/128/raster2\aluminium_foil\00052.npy,raster2
./img/128/aluminium_foil/00053.png,53,"(128, 128)",aluminium_foil,./emb/128/raster2\aluminium_foil\00053.npy,raster2
./img/128/aluminium_foil/00054.png,54,"(128, 128)",aluminium_foil,./emb/128/raster2\aluminium_foil\00054.npy,raster2
./img/128/aluminium_foil/00055.png,55,"(128, 128)",aluminium_foil,./emb/128/raster2\aluminium_foil\00055.npy,raster2
./img/128/aluminium_foil/00056.png,56,"(128, 128)",aluminium_foil,./emb/128/raster2\aluminium_foil\00056.npy,raster2
./img/128/aluminium_foil/00057.png,57,"(128, 128)",aluminium_foil,./emb/128/raster2\aluminium_foil\00057.npy,raster2
./img/128/aluminium_foil/00058.png,58,"(128, 128)",aluminium_foil,./emb/128/raster2\aluminium_foil\00058.npy,raster2
./img/128/aluminium_foil/00059.png,59,"(128, 128)",aluminium_foil,./emb/128/raster2\aluminium_foil\00059.npy,raster2
./img/128/aluminium_foil/00060.png,60,"(128, 128)",aluminium_foil,./emb/128/raster2\aluminium_foil\00060.npy,raster2
./img/128/aluminium_foil/00061.png,61,"(128, 128)",aluminium_foil,./emb/128/raster2\aluminium_foil\00061.npy,raster2
./img/128/aluminium_foil/00062.png,62,"(128, 128)",aluminium_foil,./emb/128/raster2\aluminium_foil\00062.npy,raster2
./img/128/aluminium_foil/00063.png,63,"(128, 128)",aluminium_foil,./emb/128/raster2\aluminium_foil\00063.npy,raster2
./img/128/aluminium_foil/00064.png,64,"(128, 128)",aluminium_foil,./emb/128/raster2\aluminium_foil\00064.npy,raster2
./img/128/aluminium_foil/00065.png,65,"(128, 128)",aluminium_foil,./emb/128/raster2\aluminium_foil\00065.npy,raster2
./img/128/aluminium_foil/00066.png,66,"(128, 128)",aluminium_foil,./emb/128/raster2\aluminium_foil\00066.npy,raster2
./img/128/aluminium_foil/00067.png,67,"(128, 128)",aluminium_foil,./emb/128/raster2\aluminium_foil\00067.npy,raster2
./img/128/aluminium_foil/00068.png,68,"(128, 128)",aluminium_foil,./emb/128/raster2\aluminium_foil\00068.npy,raster2
./img/128/aluminium_foil/00069.png,69,"(128, 128)",aluminium_foil,./emb/128/raster2\aluminium_foil\00069.npy,raster2
./img/128/aluminium_foil/00070.png,70,"(128, 128)",aluminium_foil,./emb/128/raster2\aluminium_foil\00070.npy,raster2
./img/128/aluminium_foil/00071.png,71,"(128, 128)",aluminium_foil,./emb/128/raster2\aluminium_foil\00071.npy,raster2
./img/128/aluminium_foil/00072.png,72,"(128, 128)",aluminium_foil,./emb/128/raster2\aluminium_foil\00072.npy,raster2
./img/128/aluminium_foil/00073.png,73,"(128, 128)",aluminium_foil,./emb/128/raster2\aluminium_foil\00073.npy,raster2
./img/128/aluminium_foil/00074.png,74,"(128, 128)",aluminium_foil,./emb/128/raster2\aluminium_foil\00074.npy,raster2
./img/128/aluminium_foil/00075.png,75,"(128, 128)",aluminium_foil,./emb/128/raster2\aluminium_foil\00075.npy,raster2
./img/128/aluminium_foil/00076.png,76,"(128, 128)",aluminium_foil,./emb/128/raster2\aluminium_foil\00076.npy,raster2
./img/128/aluminium_foil/00077.png,77,"(128, 128)",aluminium_foil,./emb/128/raster2\aluminium_foil\00077.npy,raster2
./img/128/aluminium_foil/00078.png,78,"(128, 128)",aluminium_foil,./emb/128/raster2\aluminium_foil\00078.npy,raster2
./img/128/aluminium_foil/00079.png,79,"(128, 128)",aluminium_foil,./emb/128/raster2\aluminium_foil\00079.npy,raster2
./img/128/aluminium_foil/00080.png,80,"(128, 128)",aluminium_foil,./emb/128/raster2\aluminium_foil\00080.npy,raster2
./img/128/aluminium_foil/00081.png,81,"(128, 128)",aluminium_foil,./emb/128/raster2\aluminium_foil\00081.npy,raster2
./img/128/brown_bread/00082.png,82,"(128, 128)",brown_bread,./emb/128/raster2\brown_bread\00082.npy,raster2
./img/128/brown_bread/00083.png,83,"(128, 128)",brown_bread,./emb/128/raster2\brown_bread\00083.npy,raster2
./img/128/brown_bread/00084.png,84,"(128, 128)",brown_bread,./emb/128/raster2\brown_bread\00084.npy,raster2
./img/128/brown_bread/00085.png,85,"(128, 128)",brown_bread,./emb/128/raster2\brown_bread\00085.npy,raster2
./img/128/brown_bread/00086.png,86,"(128, 128)",brown_bread,./emb/128/raster2\brown_bread\00086.npy,raster2
./img/128/brown_bread/00087.png,87,"(128, 128)",brown_bread,./emb/128/raster2\brown_bread\00087.npy,raster2
./img/128/brown_bread/00088.png,88,"(128, 128)",brown_bread,./emb/128/raster2\brown_bread\00088.npy,raster2
./img/128/brown_bread/00089.png,89,"(128, 128)",brown_bread,./emb/128/raster2\brown_bread\00089.npy,raster2
./img/128/brown_bread/00090.png,90,"(128, 128)",brown_bread,./emb/128/raster2\brown_bread\00090.npy,raster2
./img/128/brown_bread/00091.png,91,"(128, 128)",brown_bread,./emb/128/raster2\brown_bread\00091.npy,raster2
./img/128/brown_bread/00092.png,92,"(128, 128)",brown_bread,./emb/128/raster2\brown_bread\00092.npy,raster2
./img/128/brown_bread/00093.png,93,"(128, 128)",brown_bread,./emb/128/raster2\brown_bread\00093.npy,raster2
./img/128/brown_bread/00094.png,94,"(128, 128)",brown_bread,./emb/128/raster2\brown_bread\00094.npy,raster2
./img/128/brown_bread/00095.png,95,"(128, 128)",brown_bread,./emb/128/raster2\brown_bread\00095.npy,raster2
./img/128/brown_bread/00096.png,96,"(128, 128)",brown_bread,./emb/128/raster2\brown_bread\00096.npy,raster2
./img/128/brown_bread/00097.png,97,"(128, 128)",brown_bread,./emb/128/raster2\brown_bread\00097.npy,raster2
./img/128/brown_bread/00098.png,98,"(128, 128)",brown_bread,./emb/128/raster2\brown_bread\00098.npy,raster2
./img/128/brown_bread/00099.png,99,"(128, 128)",brown_bread,./emb/128/raster2\brown_bread\00099.npy,raster2
./img/128/brown_bread/00100.png,100,"(128, 128)",brown_bread,./emb/128/raster2\brown_bread\00100.npy,raster2
./img/128/brown_bread/00101.png,101,"(128, 128)",brown_bread,./emb/128/raster2\brown_bread\00101.npy,raster2
./img/128/brown_bread/00102.png,102,"(128, 128)",brown_bread,./emb/128/raster2\brown_bread\00102.npy,raster2
./img/128/brown_bread/00103.png,103,"(128, 128)",brown_bread,./emb/128/raster2\brown_bread\00103.npy,raster2
./img/128/brown_bread/00104.png,104,"(128, 128)",brown_bread,./emb/128/raster2\brown_bread\00104.npy,raster2
./img/128/brown_bread/00105.png,105,"(128, 128)",brown_bread,./emb/128/raster2\brown_bread\00105.npy,raster2
./img/128/brown_bread/00106.png,106,"(128, 128)",brown_bread,./emb/128/raster2\brown_bread\00106.npy,raster2
./img/128/brown_bread/00107.png,107,"(128, 128)",brown_bread,./emb/128/raster2\brown_bread\00107.npy,raster2
./img/128/brown_bread/00108.png,108,"(128, 128)",brown_bread,./emb/128/raster2\brown_bread\00108.npy,raster2
./img/128/brown_bread/00109.png,109,"(128, 128)",brown_bread,./emb/128/raster2\brown_bread\00109.npy,raster2
./img/128/brown_bread/00110.png,110,"(128, 128)",brown_bread,./emb/128/raster2\brown_bread\00110.npy,raster2
./img/128/brown_bread/00111.png,111,"(128, 128)",brown_bread,./emb/128/raster2\brown_bread\00111.npy,raster2
./img/128/brown_bread/00112.png,112,"(128, 128)",brown_bread,./emb/128/raster2\brown_bread\00112.npy,raster2
./img/128/brown_bread/00113.png,113,"(128, 128)",brown_bread,./emb/128/raster2\brown_bread\00113.npy,raster2
./img/128/brown_bread/00114.png,114,"(128, 128)",brown_bread,./emb/128/raster2\brown_bread\00114.npy,raster2
./img/128/brown_bread/00115.png,115,"(128, 128)",brown_bread,./emb/128/raster2\brown_bread\00115.npy,raster2
./img/128/brown_bread/00116.png,116,"(128, 128)",brown_bread,./emb/128/raster2\brown_bread\00116.npy,raster2
./img/128/brown_bread/00117.png,117,"(128, 128)",brown_bread,./emb/128/raster2\brown_bread\00117.npy,raster2
./img/128/brown_bread/00118.png,118,"(128, 128)",brown_bread,./emb/128/raster2\brown_bread\00118.npy,raster2
./img/128/brown_bread/00119.png,119,"(128, 128)",brown_bread,./emb/128/raster2\brown_bread\00119.npy,raster2
./img/128/brown_bread/00120.png,120,"(128, 128)",brown_bread,./emb/128/raster2\brown_bread\00120.npy,raster2
./img/128/brown_bread/00121.png,121,"(128, 128)",brown_bread,./emb/128/raster2\brown_bread\00121.npy,raster2
./img/128/brown_bread/00122.png,122,"(128, 128)",brown_bread,./emb/128/raster2\brown_bread\00122.npy,raster2
./img/128/brown_bread/00123.png,123,"(128, 128)",brown_bread,./emb/128/raster2\brown_bread\00123.npy,raster2
./img/128/brown_bread/00124.png,124,"(128, 128)",brown_bread,./emb/128/raster2\brown_bread\00124.npy,raster2
./img/128/brown_bread/00125.png,125,"(128, 128)",brown_bread,./emb/128/raster2\brown_bread\00125.npy,raster2
./img/128/brown_bread/00126.png,126,"(128, 128)",brown_bread,./emb/128/raster2\brown_bread\00126.npy,raster2
./img/128/brown_bread/00127.png,127,"(128, 128)",brown_bread,./emb/128/raster2\brown_bread\00127.npy,raster2
./img/128/brown_bread/00128.png,128,"(128, 128)",brown_bread,./emb/128/raster2\brown_bread\00128.npy,raster2
./img/128/brown_bread/00129.png,129,"(128, 128)",brown_bread,./emb/128/raster2\brown_bread\00129.npy,raster2
./img/128/brown_bread/00130.png,130,"(128, 128)",brown_bread,./emb/128/raster2\brown_bread\00130.npy,raster2
./img/128/brown_bread/00131.png,131,"(128, 128)",brown_bread,./emb/128/raster2\brown_bread\00131.npy,raster2
./img/128/brown_bread/00132.png,132,"(128, 128)",brown_bread,./emb/128/raster2\brown_bread\00132.npy,raster2
./img/128/brown_bread/00133.png,133,"(128, 128)",brown_bread,./emb/128/raster2\brown_bread\00133.npy,raster2
./img/128/brown_bread/00134.png,134,"(128, 128)",brown_bread,./emb/128/raster2\brown_bread\00134.npy,raster2
./img/128/brown_bread/00135.png,135,"(128, 128)",brown_bread,./emb/128/raster2\brown_bread\00135.npy,raster2
./img/128/brown_bread/00136.png,136,"(128, 128)",brown_bread,./emb/128/raster2\brown_bread\00136.npy,raster2
./img/128/brown_bread/00137.png,137,"(128, 128)",brown_bread,./emb/128/raster2\brown_bread\00137.npy,raster2
./img/128/brown_bread/00138.png,138,"(128, 128)",brown_bread,./emb/128/raster2\brown_bread\00138.npy,raster2
./img/128/brown_bread/00139.png,139,"(128, 128)",brown_bread,./emb/128/raster2\brown_bread\00139.npy,raster2
./img/128/brown_bread/00140.png,140,"(128, 128)",brown_bread,./emb/128/raster2\brown_bread\00140.npy,raster2
./img/128/brown_bread/00141.png,141,"(128, 128)",brown_bread,./emb/128/raster2\brown_bread\00141.npy,raster2
./img/128/brown_bread/00142.png,142,"(128, 128)",brown_bread,./emb/128/raster2\brown_bread\00142.npy,raster2
./img/128/brown_bread/00143.png,143,"(128, 128)",brown_bread,./emb/128/raster2\brown_bread\00143.npy,raster2
./img/128/brown_bread/00144.png,144,"(128, 128)",brown_bread,./emb/128/raster2\brown_bread\00144.npy,raster2
./img/128/brown_bread/00145.png,145,"(128, 128)",brown_bread,./emb/128/raster2\brown_bread\00145.npy,raster2
./img/128/brown_bread/00146.png,146,"(128, 128)",brown_bread,./emb/128/raster2\brown_bread\00146.npy,raster2
./img/128/brown_bread/00147.png,147,"(128, 128)",brown_bread,./emb/128/raster2\brown_bread\00147.npy,raster2
./img/128/brown_bread/00148.png,148,"(128, 128)",brown_bread,./emb/128/raster2\brown_bread\00148.npy,raster2
./img/128/brown_bread/00149.png,149,"(128, 128)",brown_bread,./emb/128/raster2\brown_bread\00149.npy,raster2
./img/128/brown_bread/00150.png,150,"(128, 128)",brown_bread,./emb/128/raster2\brown_bread\00150.npy,raster2
./img/128/brown_bread/00151.png,151,"(128, 128)",brown_bread,./emb/128/raster2\brown_bread\00151.npy,raster2
./img/128/brown_bread/00152.png,152,"(128, 128)",brown_bread,./emb/128/raster2\brown_bread\00152.npy,raster2
./img/128/brown_bread/00153.png,153,"(128, 128)",brown_bread,./emb/128/raster2\brown_bread\00153.npy,raster2
./img/128/brown_bread/00154.png,154,"(128, 128)",brown_bread,./emb/128/raster2\brown_bread\00154.npy,raster2
./img/128/brown_bread/00155.png,155,"(128, 128)",brown_bread,./emb/128/raster2\brown_bread\00155.npy,raster2
./img/128/brown_bread/00156.png,156,"(128, 128)",brown_bread,./emb/128/raster2\brown_bread\00156.npy,raster2
./img/128/brown_bread/00157.png,157,"(128, 128)",brown_bread,./emb/128/raster2\brown_bread\00157.npy,raster2
./img/128/brown_bread/00158.png,158,"(128, 128)",brown_bread,./emb/128/raster2\brown_bread\00158.npy,raster2
./img/128/brown_bread/00159.png,159,"(128, 128)",brown_bread,./emb/128/raster2\brown_bread\00159.npy,raster2
./img/128/brown_bread/00160.png,160,"(128, 128)",brown_bread,./emb/128/raster2\brown_bread\00160.npy,raster2
./img/128/brown_bread/00161.png,161,"(128, 128)",brown_bread,./emb/128/raster2\brown_bread\00161.npy,raster2
./img/128/brown_bread/00162.png,162,"(128, 128)",brown_bread,./emb/128/raster2\brown_bread\00162.npy,raster2
./img/128/corduroy/00163.png,163,"(128, 128)",corduroy,./emb/128/raster2\corduroy\00163.npy,raster2
./img/128/corduroy/00164.png,164,"(128, 128)",corduroy,./emb/128/raster2\corduroy\00164.npy,raster2
./img/128/corduroy/00165.png,165,"(128, 128)",corduroy,./emb/128/raster2\corduroy\00165.npy,raster2
./img/128/corduroy/00166.png,166,"(128, 128)",corduroy,./emb/128/raster2\corduroy\00166.npy,raster2
./img/128/corduroy/00167.png,167,"(128, 128)",corduroy,./emb/128/raster2\corduroy\00167.npy,raster2
./img/128/corduroy/00168.png,168,"(128, 128)",corduroy,./emb/128/raster2\corduroy\00168.npy,raster2
./img/128/corduroy/00169.png,169,"(128, 128)",corduroy,./emb/128/raster2\corduroy\00169.npy,raster2
./img/128/corduroy/00170.png,170,"(128, 128)",corduroy,./emb/128/raster2\corduroy\00170.npy,raster2
./img/128/corduroy/00171.png,171,"(128, 128)",corduroy,./emb/128/raster2\corduroy\00171.npy,raster2
./img/128/corduroy/00172.png,172,"(128, 128)",corduroy,./emb/128/raster2\corduroy\00172.npy,raster2
./img/128/corduroy/00173.png,173,"(128, 128)",corduroy,./emb/128/raster2\corduroy\00173.npy,raster2
./img/128/corduroy/00174.png,174,"(128, 128)",corduroy,./emb/128/raster2\corduroy\00174.npy,raster2
./img/128/corduroy/00175.png,175,"(128, 128)",corduroy,./emb/128/raster2\corduroy\00175.npy,raster2
./img/128/corduroy/00176.png,176,"(128, 128)",corduroy,./emb/128/raster2\corduroy\00176.npy,raster2
./img/128/corduroy/00177.png,177,"(128, 128)",corduroy,./emb/128/raster2\corduroy\00177.npy,raster2
./img/128/corduroy/00178.png,178,"(128, 128)",corduroy,./emb/128/raster2\corduroy\00178.npy,raster2
./img/128/corduroy/00179.png,179,"(128, 128)",corduroy,./emb/128/raster2\corduroy\00179.npy,raster2
./img/128/corduroy/00180.png,180,"(128, 128)",corduroy,./emb/128/raster2\corduroy\00180.npy,raster2
./img/128/corduroy/00181.png,181,"(128, 128)",corduroy,./emb/128/raster2\corduroy\00181.npy,raster2
./img/128/corduroy/00182.png,182,"(128, 128)",corduroy,./emb/128/raster2\corduroy\00182.npy,raster2
./img/128/corduroy/00183.png,183,"(128, 128)",corduroy,./emb/128/raster2\corduroy\00183.npy,raster2
./img/128/corduroy/00184.png,184,"(128, 128)",corduroy,./emb/128/raster2\corduroy\00184.npy,raster2
./img/128/corduroy/00185.png,185,"(128, 128)",corduroy,./emb/128/raster2\corduroy\00185.npy,raster2
./img/128/corduroy/00186.png,186,"(128, 128)",corduroy,./emb/128/raster2\corduroy\00186.npy,raster2
./img/128/corduroy/00187.png,187,"(128, 128)",corduroy,./emb/128/raster2\corduroy\00187.npy,raster2
./img/128/corduroy/00188.png,188,"(128, 128)",corduroy,./emb/128/raster2\corduroy\00188.npy,raster2
./img/128/corduroy/00189.png,189,"(128, 128)",corduroy,./emb/128/raster2\corduroy\00189.npy,raster2
./img/128/corduroy/00190.png,190,"(128, 128)",corduroy,./emb/128/raster2\corduroy\00190.npy,raster2
./img/128/corduroy/00191.png,191,"(128, 128)",corduroy,./emb/128/raster2\corduroy\00191.npy,raster2
./img/128/corduroy/00192.png,192,"(128, 128)",corduroy,./emb/128/raster2\corduroy\00192.npy,raster2
./img/128/corduroy/00193.png,193,"(128, 128)",corduroy,./emb/128/raster2\corduroy\00193.npy,raster2
./img/128/corduroy/00194.png,194,"(128, 128)",corduroy,./emb/128/raster2\corduroy\00194.npy,raster2
./img/128/corduroy/00195.png,195,"(128, 128)",corduroy,./emb/128/raster2\corduroy\00195.npy,raster2
./img/128/corduroy/00196.png,196,"(128, 128)",corduroy,./emb/128/raster2\corduroy\00196.npy,raster2
./img/128/corduroy/00197.png,197,"(128, 128)",corduroy,./emb/128/raster2\corduroy\00197.npy,raster2
./img/128/corduroy/00198.png,198,"(128, 128)",corduroy,./emb/128/raster2\corduroy\00198.npy,raster2
./img/128/corduroy/00199.png,199,"(128, 128)",corduroy,./emb/128/raster2\corduroy\00199.npy,raster2
./img/128/corduroy/00200.png,200,"(128, 128)",corduroy,./emb/128/raster2\corduroy\00200.npy,raster2
./img/128/corduroy/00201.png,201,"(128, 128)",corduroy,./emb/128/raster2\corduroy\00201.npy,raster2
./img/128/corduroy/00202.png,202,"(128, 128)",corduroy,./emb/128/raster2\corduroy\00202.npy,raster2
./img/128/corduroy/00203.png,203,"(128, 128)",corduroy,./emb/128/raster2\corduroy\00203.npy,raster2
./img/128/corduroy/00204.png,204,"(128, 128)",corduroy,./emb/128/raster2\corduroy\00204.npy,raster2
./img/128/corduroy/00205.png,205,"(128, 128)",corduroy,./emb/128/raster2\corduroy\00205.npy,raster2
./img/128/corduroy/00206.png,206,"(128, 128)",corduroy,./emb/128/raster2\corduroy\00206.npy,raster2
./img/128/corduroy/00207.png,207,"(128, 128)",corduroy,./emb/128/raster2\corduroy\00207.npy,raster2
./img/128/corduroy/00208.png,208,"(128, 128)",corduroy,./emb/128/raster2\corduroy\00208.npy,raster2
./img/128/corduroy/00209.png,209,"(128, 128)",corduroy,./emb/128/raster2\corduroy\00209.npy,raster2
./img/128/corduroy/00210.png,210,"(128, 128)",corduroy,./emb/128/raster2\corduroy\00210.npy,raster2
./img/128/corduroy/00211.png,211,"(128, 128)",corduroy,./emb/128/raster2\corduroy\00211.npy,raster2
./img/128/corduroy/00212.png,212,"(128, 128)",corduroy,./emb/128/raster2\corduroy\00212.npy,raster2
./img/128/corduroy/00213.png,213,"(128, 128)",corduroy,./emb/128/raster2\corduroy\00213.npy,raster2
./img/128/corduroy/00214.png,214,"(128, 128)",corduroy,./emb/128/raster2\corduroy\00214.npy,raster2
./img/128/corduroy/00215.png,215,"(128, 128)",corduroy,./emb/128/raster2\corduroy\00215.npy,raster2
./img/128/corduroy/00216.png,216,"(128, 128)",corduroy,./emb/128/raster2\corduroy\00216.npy,raster2
./img/128/corduroy/00217.png,217,"(128, 128)",corduroy,./emb/128/raster2\corduroy\00217.npy,raster2
./img/128/corduroy/00218.png,218,"(128, 128)",corduroy,./emb/128/raster2\corduroy\00218.npy,raster2
./img/128/corduroy/00219.png,219,"(128, 128)",corduroy,./emb/128/raster2\corduroy\00219.npy,raster2
./img/128/corduroy/00220.png,220,"(128, 128)",corduroy,./emb/128/raster2\corduroy\00220.npy,raster2
./img/128/corduroy/00221.png,221,"(128, 128)",corduroy,./emb/128/raster2\corduroy\00221.npy,raster2
./img/128/corduroy/00222.png,222,"(128, 128)",corduroy,./emb/128/raster2\corduroy\00222.npy,raster2
./img/128/corduroy/00223.png,223,"(128, 128)",corduroy,./emb/128/raster2\corduroy\00223.npy,raster2
./img/128/corduroy/00224.png,224,"(128, 128)",corduroy,./emb/128/raster2\corduroy\00224.npy,raster2
./img/128/corduroy/00225.png,225,"(128, 128)",corduroy,./emb/128/raster2\corduroy\00225.npy,raster2
./img/128/corduroy/00226.png,226,"(128, 128)",corduroy,./emb/128/raster2\corduroy\00226.npy,raster2
./img/128/corduroy/00227.png,227,"(128, 128)",corduroy,./emb/128/raster2\corduroy\00227.npy,raster2
./img/128/corduroy/00228.png,228,"(128, 128)",corduroy,./emb/128/raster2\corduroy\00228.npy,raster2
./img/128/corduroy/00229.png,229,"(128, 128)",corduroy,./emb/128/raster2\corduroy\00229.npy,raster2
./img/128/corduroy/00230.png,230,"(128, 128)",corduroy,./emb/128/raster2\corduroy\00230.npy,raster2
./img/128/corduroy/00231.png,231,"(128, 128)",corduroy,./emb/128/raster2\corduroy\00231.npy,raster2
./img/128/corduroy/00232.png,232,"(128, 128)",corduroy,./emb/128/raster2\corduroy\00232.npy,raster2
./img/128/corduroy/00233.png,233,"(128, 128)",corduroy,./emb/128/raster2\corduroy\00233.npy,raster2
./img/128/corduroy/00234.png,234,"(128, 128)",corduroy,./emb/128/raster2\corduroy\00234.npy,raster2
./img/128/corduroy/00235.png,235,"(128, 128)",corduroy,./emb/128/raster2\corduroy\00235.npy,raster2
./img/128/corduroy/00236.png,236,"(128, 128)",corduroy,./emb/128/raster2\corduroy\00236.npy,raster2
./img/128/corduroy/00237.png,237,"(128, 128)",corduroy,./emb/128/raster2\corduroy\00237.npy,raster2
./img/128/corduroy/00238.png,238,"(128, 128)",corduroy,./emb/128/raster2\corduroy\00238.npy,raster2
./img/128/corduroy/00239.png,239,"(128, 128)",corduroy,./emb/128/raster2\corduroy\00239.npy,raster2
./img/128/corduroy/00240.png,240,"(128, 128)",corduroy,./emb/128/raster2\corduroy\00240.npy,raster2
./img/128/corduroy/00241.png,241,"(128, 128)",corduroy,./emb/128/raster2\corduroy\00241.npy,raster2
./img/128/corduroy/00242.png,242,"(128, 128)",corduroy,./emb/128/raster2\corduroy\00242.npy,raster2
./img/128/corduroy/00243.png,243,"(128, 128)",corduroy,./emb/128/raster2\corduroy\00243.npy,raster2
./img/128/cotton/00244.png,244,"(128, 128)",cotton,./emb/128/raster2\cotton\00244.npy,raster2
./img/128/cotton/00245.png,245,"(128, 128)",cotton,./emb/128/raster2\cotton\00245.npy,raster2
./img/128/cotton/00246.png,246,"(128, 128)",cotton,./emb/128/raster2\cotton\00246.npy,raster2
./img/128/cotton/00247.png,247,"(128, 128)",cotton,./emb/128/raster2\cotton\00247.npy,raster2
./img/128/cotton/00248.png,248,"(128, 128)",cotton,./emb/128/raster2\cotton\00248.npy,raster2
./img/128/cotton/00249.png,249,"(128, 128)",cotton,./emb/128/raster2\cotton\00249.npy,raster2
./img/128/cotton/00250.png,250,"(128, 128)",cotton,./emb/128/raster2\cotton\00250.npy,raster2
./img/128/cotton/00251.png,251,"(128, 128)",cotton,./emb/128/raster2\cotton\00251.npy,raster2
./img/128/cotton/00252.png,252,"(128, 128)",cotton,./emb/128/raster2\cotton\00252.npy,raster2
./img/128/cotton/00253.png,253,"(128, 128)",cotton,./emb/128/raster2\cotton\00253.npy,raster2
./img/128/cotton/00254.png,254,"(128, 128)",cotton,./emb/128/raster2\cotton\00254.npy,raster2
./img/128/cotton/00255.png,255,"(128, 128)",cotton,./emb/128/raster2\cotton\00255.npy,raster2
./img/128/cotton/00256.png,256,"(128, 128)",cotton,./emb/128/raster2\cotton\00256.npy,raster2
./img/128/cotton/00257.png,257,"(128, 128)",cotton,./emb/128/raster2\cotton\00257.npy,raster2
./img/128/cotton/00258.png,258,"(128, 128)",cotton,./emb/128/raster2\cotton\00258.npy,raster2
./img/128/cotton/00259.png,259,"(128, 128)",cotton,./emb/128/raster2\cotton\00259.npy,raster2
./img/128/cotton/00260.png,260,"(128, 128)",cotton,./emb/128/raster2\cotton\00260.npy,raster2
./img/128/cotton/00261.png,261,"(128, 128)",cotton,./emb/128/raster2\cotton\00261.npy,raster2
./img/128/cotton/00262.png,262,"(128, 128)",cotton,./emb/128/raster2\cotton\00262.npy,raster2
./img/128/cotton/00263.png,263,"(128, 128)",cotton,./emb/128/raster2\cotton\00263.npy,raster2
./img/128/cotton/00264.png,264,"(128, 128)",cotton,./emb/128/raster2\cotton\00264.npy,raster2
./img/128/cotton/00265.png,265,"(128, 128)",cotton,./emb/128/raster2\cotton\00265.npy,raster2
./img/128/cotton/00266.png,266,"(128, 128)",cotton,./emb/128/raster2\cotton\00266.npy,raster2
./img/128/cotton/00267.png,267,"(128, 128)",cotton,./emb/128/raster2\cotton\00267.npy,raster2
./img/128/cotton/00268.png,268,"(128, 128)",cotton,./emb/128/raster2\cotton\00268.npy,raster2
./img/128/cotton/00269.png,269,"(128, 128)",cotton,./emb/128/raster2\cotton\00269.npy,raster2
./img/128/cotton/00270.png,270,"(128, 128)",cotton,./emb/128/raster2\cotton\00270.npy,raster2
./img/128/cotton/00271.png,271,"(128, 128)",cotton,./emb/128/raster2\cotton\00271.npy,raster2
./img/128/cotton/00272.png,272,"(128, 128)",cotton,./emb/128/raster2\cotton\00272.npy,raster2
./img/128/cotton/00273.png,273,"(128, 128)",cotton,./emb/128/raster2\cotton\00273.npy,raster2
./img/128/cotton/00274.png,274,"(128, 128)",cotton,./emb/128/raster2\cotton\00274.npy,raster2
./img/128/cotton/00275.png,275,"(128, 128)",cotton,./emb/128/raster2\cotton\00275.npy,raster2
./img/128/cotton/00276.png,276,"(128, 128)",cotton,./emb/128/raster2\cotton\00276.npy,raster2
./img/128/cotton/00277.png,277,"(128, 128)",cotton,./emb/128/raster2\cotton\00277.npy,raster2
./img/128/cotton/00278.png,278,"(128, 128)",cotton,./emb/128/raster2\cotton\00278.npy,raster2
./img/128/cotton/00279.png,279,"(128, 128)",cotton,./emb/128/raster2\cotton\00279.npy,raster2
./img/128/cotton/00280.png,280,"(128, 128)",cotton,./emb/128/raster2\cotton\00280.npy,raster2
./img/128/cotton/00281.png,281,"(128, 128)",cotton,./emb/128/raster2\cotton\00281.npy,raster2
./img/128/cotton/00282.png,282,"(128, 128)",cotton,./emb/128/raster2\cotton\00282.npy,raster2
./img/128/cotton/00283.png,283,"(128, 128)",cotton,./emb/128/raster2\cotton\00283.npy,raster2
./img/128/cotton/00284.png,284,"(128, 128)",cotton,./emb/128/raster2\cotton\00284.npy,raster2
./img/128/cotton/00285.png,285,"(128, 128)",cotton,./emb/128/raster2\cotton\00285.npy,raster2
./img/128/cotton/00286.png,286,"(128, 128)",cotton,./emb/128/raster2\cotton\00286.npy,raster2
./img/128/cotton/00287.png,287,"(128, 128)",cotton,./emb/128/raster2\cotton\00287.npy,raster2
./img/128/cotton/00288.png,288,"(128, 128)",cotton,./emb/128/raster2\cotton\00288.npy,raster2
./img/128/cotton/00289.png,289,"(128, 128)",cotton,./emb/128/raster2\cotton\00289.npy,raster2
./img/128/cotton/00290.png,290,"(128, 128)",cotton,./emb/128/raster2\cotton\00290.npy,raster2
./img/128/cotton/00291.png,291,"(128, 128)",cotton,./emb/128/raster2\cotton\00291.npy,raster2
./img/128/cotton/00292.png,292,"(128, 128)",cotton,./emb/128/raster2\cotton\00292.npy,raster2
./img/128/cotton/00293.png,293,"(128, 128)",cotton,./emb/128/raster2\cotton\00293.npy,raster2
./img/128/cotton/00294.png,294,"(128, 128)",cotton,./emb/128/raster2\cotton\00294.npy,raster2
./img/128/cotton/00295.png,295,"(128, 128)",cotton,./emb/128/raster2\cotton\00295.npy,raster2
./img/128/cotton/00296.png,296,"(128, 128)",cotton,./emb/128/raster2\cotton\00296.npy,raster2
./img/128/cotton/00297.png,297,"(128, 128)",cotton,./emb/128/raster2\cotton\00297.npy,raster2
./img/128/cotton/00298.png,298,"(128, 128)",cotton,./emb/128/raster2\cotton\00298.npy,raster2
./img/128/cotton/00299.png,299,"(128, 128)",cotton,./emb/128/raster2\cotton\00299.npy,raster2
./img/128/cotton/00300.png,300,"(128, 128)",cotton,./emb/128/raster2\cotton\00300.npy,raster2
./img/128/cotton/00301.png,301,"(128, 128)",cotton,./emb/128/raster2\cotton\00301.npy,raster2
./img/128/cotton/00302.png,302,"(128, 128)",cotton,./emb/128/raster2\cotton\00302.npy,raster2
./img/128/cotton/00303.png,303,"(128, 128)",cotton,./emb/128/raster2\cotton\00303.npy,raster2
./img/128/cotton/00304.png,304,"(128, 128)",cotton,./emb/128/raster2\cotton\00304.npy,raster2
./img/128/cotton/00305.png,305,"(128, 128)",cotton,./emb/128/raster2\cotton\00305.npy,raster2
./img/128/cotton/00306.png,306,"(128, 128)",cotton,./emb/128/raster2\cotton\00306.npy,raster2
./img/128/cotton/00307.png,307,"(128, 128)",cotton,./emb/128/raster2\cotton\00307.npy,raster2
./img/128/cotton/00308.png,308,"(128, 128)",cotton,./emb/128/raster2\cotton\00308.npy,raster2
./img/128/cotton/00309.png,309,"(128, 128)",cotton,./emb/128/raster2\cotton\00309.npy,raster2
./img/128/cotton/00310.png,310,"(128, 128)",cotton,./emb/128/raster2\cotton\00310.npy,raster2
./img/128/cotton/00311.png,311,"(128, 128)",cotton,./emb/128/raster2\cotton\00311.npy,raster2
./img/128/cotton/00312.png,312,"(128, 128)",cotton,./emb/128/raster2\cotton\00312.npy,raster2
./img/128/cotton/00313.png,313,"(128, 128)",cotton,./emb/128/raster2\cotton\00313.npy,raster2
./img/128/cotton/00314.png,314,"(128, 128)",cotton,./emb/128/raster2\cotton\00314.npy,raster2
./img/128/cotton/00315.png,315,"(128, 128)",cotton,./emb/128/raster2\cotton\00315.npy,raster2
./img/128/cotton/00316.png,316,"(128, 128)",cotton,./emb/128/raster2\cotton\00316.npy,raster2
./img/128/cotton/00317.png,317,"(128, 128)",cotton,./emb/128/raster2\cotton\00317.npy,raster2
./img/128/cotton/00318.png,318,"(128, 128)",cotton,./emb/128/raster2\cotton\00318.npy,raster2
./img/128/cotton/00319.png,319,"(128, 128)",cotton,./emb/128/raster2\cotton\00319.npy,raster2
./img/128/cotton/00320.png,320,"(128, 128)",cotton,./emb/128/raster2\cotton\00320.npy,raster2
./img/128/cotton/00321.png,321,"(128, 128)",cotton,./emb/128/raster2\cotton\00321.npy,raster2
./img/128/cotton/00322.png,322,"(128, 128)",cotton,./emb/128/raster2\cotton\00322.npy,raster2
./img/128/cotton/00323.png,323,"(128, 128)",cotton,./emb/128/raster2\cotton\00323.npy,raster2
./img/128/cotton/00324.png,324,"(128, 128)",cotton,./emb/128/raster2\cotton\00324.npy,raster2
./img/128/cracker/00325.png,325,"(128, 128)",cracker,./emb/128/raster2\cracker\00325.npy,raster2
./img/128/cracker/00326.png,326,"(128, 128)",cracker,./emb/128/raster2\cracker\00326.npy,raster2
./img/128/cracker/00327.png,327,"(128, 128)",cracker,./emb/128/raster2\cracker\00327.npy,raster2
./img/128/cracker/00328.png,328,"(128, 128)",cracker,./emb/128/raster2\cracker\00328.npy,raster2
./img/128/cracker/00329.png,329,"(128, 128)",cracker,./emb/128/raster2\cracker\00329.npy,raster2
./img/128/cracker/00330.png,330,"(128, 128)",cracker,./emb/128/raster2\cracker\00330.npy,raster2
./img/128/cracker/00331.png,331,"(128, 128)",cracker,./emb/128/raster2\cracker\00331.npy,raster2
./img/128/cracker/00332.png,332,"(128, 128)",cracker,./emb/128/raster2\cracker\00332.npy,raster2
./img/128/cracker/00333.png,333,"(128, 128)",cracker,./emb/128/raster2\cracker\00333.npy,raster2
./img/128/cracker/00334.png,334,"(128, 128)",cracker,./emb/128/raster2\cracker\00334.npy,raster2
./img/128/cracker/00335.png,335,"(128, 128)",cracker,./emb/128/raster2\cracker\00335.npy,raster2
./img/128/cracker/00336.png,336,"(128, 128)",cracker,./emb/128/raster2\cracker\00336.npy,raster2
./img/128/cracker/00337.png,337,"(128, 128)",cracker,./emb/128/raster2\cracker\00337.npy,raster2
./img/128/cracker/00338.png,338,"(128, 128)",cracker,./emb/128/raster2\cracker\00338.npy,raster2
./img/128/cracker/00339.png,339,"(128, 128)",cracker,./emb/128/raster2\cracker\00339.npy,raster2
./img/128/cracker/00340.png,340,"(128, 128)",cracker,./emb/128/raster2\cracker\00340.npy,raster2
./img/128/cracker/00341.png,341,"(128, 128)",cracker,./emb/128/raster2\cracker\00341.npy,raster2
./img/128/cracker/00342.png,342,"(128, 128)",cracker,./emb/128/raster2\cracker\00342.npy,raster2
./img/128/cracker/00343.png,343,"(128, 128)",cracker,./emb/128/raster2\cracker\00343.npy,raster2
./img/128/cracker/00344.png,344,"(128, 128)",cracker,./emb/128/raster2\cracker\00344.npy,raster2
./img/128/cracker/00345.png,345,"(128, 128)",cracker,./emb/128/raster2\cracker\00345.npy,raster2
./img/128/cracker/00346.png,346,"(128, 128)",cracker,./emb/128/raster2\cracker\00346.npy,raster2
./img/128/cracker/00347.png,347,"(128, 128)",cracker,./emb/128/raster2\cracker\00347.npy,raster2
./img/128/cracker/00348.png,348,"(128, 128)",cracker,./emb/128/raster2\cracker\00348.npy,raster2
./img/128/cracker/00349.png,349,"(128, 128)",cracker,./emb/128/raster2\cracker\00349.npy,raster2
./img/128/cracker/00350.png,350,"(128, 128)",cracker,./emb/128/raster2\cracker\00350.npy,raster2
./img/128/cracker/00351.png,351,"(128, 128)",cracker,./emb/128/raster2\cracker\00351.npy,raster2
./img/128/cracker/00352.png,352,"(128, 128)",cracker,./emb/128/raster2\cracker\00352.npy,raster2
./img/128/cracker/00353.png,353,"(128, 128)",cracker,./emb/128/raster2\cracker\00353.npy,raster2
./img/128/cracker/00354.png,354,"(128, 128)",cracker,./emb/128/raster2\cracker\00354.npy,raster2
./img/128/cracker/00355.png,355,"(128, 128)",cracker,./emb/128/raster2\cracker\00355.npy,raster2
./img/128/cracker/00356.png,356,"(128, 128)",cracker,./emb/128/raster2\cracker\00356.npy,raster2
./img/128/cracker/00357.png,357,"(128, 128)",cracker,./emb/128/raster2\cracker\00357.npy,raster2
./img/128/cracker/00358.png,358,"(128, 128)",cracker,./emb/128/raster2\cracker\00358.npy,raster2
./img/128/cracker/00359.png,359,"(128, 128)",cracker,./emb/128/raster2\cracker\00359.npy,raster2
./img/128/cracker/00360.png,360,"(128, 128)",cracker,./emb/128/raster2\cracker\00360.npy,raster2
./img/128/cracker/00361.png,361,"(128, 128)",cracker,./emb/128/raster2\cracker\00361.npy,raster2
./img/128/cracker/00362.png,362,"(128, 128)",cracker,./emb/128/raster2\cracker\00362.npy,raster2
./img/128/cracker/00363.png,363,"(128, 128)",cracker,./emb/128/raster2\cracker\00363.npy,raster2
./img/128/cracker/00364.png,364,"(128, 128)",cracker,./emb/128/raster2\cracker\00364.npy,raster2
./img/128/cracker/00365.png,365,"(128, 128)",cracker,./emb/128/raster2\cracker\00365.npy,raster2
./img/128/cracker/00366.png,366,"(128, 128)",cracker,./emb/128/raster2\cracker\00366.npy,raster2
./img/128/cracker/00367.png,367,"(128, 128)",cracker,./emb/128/raster2\cracker\00367.npy,raster2
./img/128/cracker/00368.png,368,"(128, 128)",cracker,./emb/128/raster2\cracker\00368.npy,raster2
./img/128/cracker/00369.png,369,"(128, 128)",cracker,./emb/128/raster2\cracker\00369.npy,raster2
./img/128/cracker/00370.png,370,"(128, 128)",cracker,./emb/128/raster2\cracker\00370.npy,raster2
./img/128/cracker/00371.png,371,"(128, 128)",cracker,./emb/128/raster2\cracker\00371.npy,raster2
./img/128/cracker/00372.png,372,"(128, 128)",cracker,./emb/128/raster2\cracker\00372.npy,raster2
./img/128/cracker/00373.png,373,"(128, 128)",cracker,./emb/128/raster2\cracker\00373.npy,raster2
./img/128/cracker/00374.png,374,"(128, 128)",cracker,./emb/128/raster2\cracker\00374.npy,raster2
./img/128/cracker/00375.png,375,"(128, 128)",cracker,./emb/128/raster2\cracker\00375.npy,raster2
./img/128/cracker/00376.png,376,"(128, 128)",cracker,./emb/128/raster2\cracker\00376.npy,raster2
./img/128/cracker/00377.png,377,"(128, 128)",cracker,./emb/128/raster2\cracker\00377.npy,raster2
./img/128/cracker/00378.png,378,"(128, 128)",cracker,./emb/128/raster2\cracker\00378.npy,raster2
./img/128/cracker/00379.png,379,"(128, 128)",cracker,./emb/128/raster2\cracker\00379.npy,raster2
./img/128/cracker/00380.png,380,"(128, 128)",cracker,./emb/128/raster2\cracker\00380.npy,raster2
./img/128/cracker/00381.png,381,"(128, 128)",cracker,./emb/128/raster2\cracker\00381.npy,raster2
./img/128/cracker/00382.png,382,"(128, 128)",cracker,./emb/128/raster2\cracker\00382.npy,raster2
./img/128/cracker/00383.png,383,"(128, 128)",cracker,./emb/128/raster2\cracker\00383.npy,raster2
./img/128/cracker/00384.png,384,"(128, 128)",cracker,./emb/128/raster2\cracker\00384.npy,raster2
./img/128/cracker/00385.png,385,"(128, 128)",cracker,./emb/128/raster2\cracker\00385.npy,raster2
./img/128/cracker/00386.png,386,"(128, 128)",cracker,./emb/128/raster2\cracker\00386.npy,raster2
./img/128/cracker/00387.png,387,"(128, 128)",cracker,./emb/128/raster2\cracker\00387.npy,raster2
./img/128/cracker/00388.png,388,"(128, 128)",cracker,./emb/128/raster2\cracker\00388.npy,raster2
./img/128/cracker/00389.png,389,"(128, 128)",cracker,./emb/128/raster2\cracker\00389.npy,raster2
./img/128/cracker/00390.png,390,"(128, 128)",cracker,./emb/128/raster2\cracker\00390.npy,raster2
./img/128/cracker/00391.png,391,"(128, 128)",cracker,./emb/128/raster2\cracker\00391.npy,raster2
./img/128/cracker/00392.png,392,"(128, 128)",cracker,./emb/128/raster2\cracker\00392.npy,raster2
./img/128/cracker/00393.png,393,"(128, 128)",cracker,./emb/128/raster2\cracker\00393.npy,raster2
./img/128/cracker/00394.png,394,"(128, 128)",cracker,./emb/128/raster2\cracker\00394.npy,raster2
./img/128/cracker/00395.png,395,"(128, 128)",cracker,./emb/128/raster2\cracker\00395.npy,raster2
./img/128/cracker/00396.png,396,"(128, 128)",cracker,./emb/128/raster2\cracker\00396.npy,raster2
./img/128/cracker/00397.png,397,"(128, 128)",cracker,./emb/128/raster2\cracker\00397.npy,raster2
./img/128/cracker/00398.png,398,"(128, 128)",cracker,./emb/128/raster2\cracker\00398.npy,raster2
./img/128/cracker/00399.png,399,"(128, 128)",cracker,./emb/128/raster2\cracker\00399.npy,raster2
./img/128/cracker/00400.png,400,"(128, 128)",cracker,./emb/128/raster2\cracker\00400.npy,raster2
./img/128/cracker/00401.png,401,"(128, 128)",cracker,./emb/128/raster2\cracker\00401.npy,raster2
./img/128/cracker/00402.png,402,"(128, 128)",cracker,./emb/128/raster2\cracker\00402.npy,raster2
./img/128/cracker/00403.png,403,"(128, 128)",cracker,./emb/128/raster2\cracker\00403.npy,raster2
./img/128/cracker/00404.png,404,"(128, 128)",cracker,./emb/128/raster2\cracker\00404.npy,raster2
./img/128/cracker/00405.png,405,"(128, 128)",cracker,./emb/128/raster2\cracker\00405.npy,raster2
./img/128/linen/00406.png,406,"(128, 128)",linen,./emb/128/raster2\linen\00406.npy,raster2
./img/128/linen/00407.png,407,"(128, 128)",linen,./emb/128/raster2\linen\00407.npy,raster2
./img/128/linen/00408.png,408,"(128, 128)",linen,./emb/128/raster2\linen\00408.npy,raster2
./img/128/linen/00409.png,409,"(128, 128)",linen,./emb/128/raster2\linen\00409.npy,raster2
./img/128/linen/00410.png,410,"(128, 128)",linen,./emb/128/raster2\linen\00410.npy,raster2
./img/128/linen/00411.png,411,"(128, 128)",linen,./emb/128/raster2\linen\00411.npy,raster2
./img/128/linen/00412.png,412,"(128, 128)",linen,./emb/128/raster2\linen\00412.npy,raster2
./img/128/linen/00413.png,413,"(128, 128)",linen,./emb/128/raster2\linen\00413.npy,raster2
./img/128/linen/00414.png,414,"(128, 128)",linen,./emb/128/raster2\linen\00414.npy,raster2
./img/128/linen/00415.png,415,"(128, 128)",linen,./emb/128/raster2\linen\00415.npy,raster2
./img/128/linen/00416.png,416,"(128, 128)",linen,./emb/128/raster2\linen\00416.npy,raster2
./img/128/linen/00417.png,417,"(128, 128)",linen,./emb/128/raster2\linen\00417.npy,raster2
./img/128/linen/00418.png,418,"(128, 128)",linen,./emb/128/raster2\linen\00418.npy,raster2
./img/128/linen/00419.png,419,"(128, 128)",linen,./emb/128/raster2\linen\00419.npy,raster2
./img/128/linen/00420.png,420,"(128, 128)",linen,./emb/128/raster2\linen\00420.npy,raster2
./img/128/linen/00421.png,421,"(128, 128)",linen,./emb/128/raster2\linen\00421.npy,raster2
./img/128/linen/00422.png,422,"(128, 128)",linen,./emb/128/raster2\linen\00422.npy,raster2
./img/128/linen/00423.png,423,"(128, 128)",linen,./emb/128/raster2\linen\00423.npy,raster2
./img/128/linen/00424.png,424,"(128, 128)",linen,./emb/128/raster2\linen\00424.npy,raster2
./img/128/linen/00425.png,425,"(128, 128)",linen,./emb/128/raster2\linen\00425.npy,raster2
./img/128/linen/00426.png,426,"(128, 128)",linen,./emb/128/raster2\linen\00426.npy,raster2
./img/128/linen/00427.png,427,"(128, 128)",linen,./emb/128/raster2\linen\00427.npy,raster2
./img/128/linen/00428.png,428,"(128, 128)",linen,./emb/128/raster2\linen\00428.npy,raster2
./img/128/linen/00429.png,429,"(128, 128)",linen,./emb/128/raster2\linen\00429.npy,raster2
./img/128/linen/00430.png,430,"(128, 128)",linen,./emb/128/raster2\linen\00430.npy,raster2
./img/128/linen/00431.png,431,"(128, 128)",linen,./emb/128/raster2\linen\00431.npy,raster2
./img/128/linen/00432.png,432,"(128, 128)",linen,./emb/128/raster2\linen\00432.npy,raster2
./img/128/linen/00433.png,433,"(128, 128)",linen,./emb/128/raster2\linen\00433.npy,raster2
./img/128/linen/00434.png,434,"(128, 128)",linen,./emb/128/raster2\linen\00434.npy,raster2
./img/128/linen/00435.png,435,"(128, 128)",linen,./emb/128/raster2\linen\00435.npy,raster2
./img/128/linen/00436.png,436,"(128, 128)",linen,./emb/128/raster2\linen\00436.npy,raster2
./img/128/linen/00437.png,437,"(128, 128)",linen,./emb/128/raster2\linen\00437.npy,raster2
./img/128/linen/00438.png,438,"(128, 128)",linen,./emb/128/raster2\linen\00438.npy,raster2
./img/128/linen/00439.png,439,"(128, 128)",linen,./emb/128/raster2\linen\00439.npy,raster2
./img/128/linen/00440.png,440,"(128, 128)",linen,./emb/128/raster2\linen\00440.npy,raster2
./img/128/linen/00441.png,441,"(128, 128)",linen,./emb/128/raster2\linen\00441.npy,raster2
./img/128/linen/00442.png,442,"(128, 128)",linen,./emb/128/raster2\linen\00442.npy,raster2
./img/128/linen/00443.png,443,"(128, 128)",linen,./emb/128/raster2\linen\00443.npy,raster2
./img/128/linen/00444.png,444,"(128, 128)",linen,./emb/128/raster2\linen\00444.npy,raster2
./img/128/linen/00445.png,445,"(128, 128)",linen,./emb/128/raster2\linen\00445.npy,raster2
./img/128/linen/00446.png,446,"(128, 128)",linen,./emb/128/raster2\linen\00446.npy,raster2
./img/128/linen/00447.png,447,"(128, 128)",linen,./emb/128/raster2\linen\00447.npy,raster2
./img/128/linen/00448.png,448,"(128, 128)",linen,./emb/128/raster2\linen\00448.npy,raster2
./img/128/linen/00449.png,449,"(128, 128)",linen,./emb/128/raster2\linen\00449.npy,raster2
./img/128/linen/00450.png,450,"(128, 128)",linen,./emb/128/raster2\linen\00450.npy,raster2
./img/128/linen/00451.png,451,"(128, 128)",linen,./emb/128/raster2\linen\00451.npy,raster2
./img/128/linen/00452.png,452,"(128, 128)",linen,./emb/128/raster2\linen\00452.npy,raster2
./img/128/linen/00453.png,453,"(128, 128)",linen,./emb/128/raster2\linen\00453.npy,raster2
./img/128/linen/00454.png,454,"(128, 128)",linen,./emb/128/raster2\linen\00454.npy,raster2
./img/128/linen/00455.png,455,"(128, 128)",linen,./emb/128/raster2\linen\00455.npy,raster2
./img/128/linen/00456.png,456,"(128, 128)",linen,./emb/128/raster2\linen\00456.npy,raster2
./img/128/linen/00457.png,457,"(128, 128)",linen,./emb/128/raster2\linen\00457.npy,raster2
./img/128/linen/00458.png,458,"(128, 128)",linen,./emb/128/raster2\linen\00458.npy,raster2
./img/128/linen/00459.png,459,"(128, 128)",linen,./emb/128/raster2\linen\00459.npy,raster2
./img/128/linen/00460.png,460,"(128, 128)",linen,./emb/128/raster2\linen\00460.npy,raster2
./img/128/linen/00461.png,461,"(128, 128)",linen,./emb/128/raster2\linen\00461.npy,raster2
./img/128/linen/00462.png,462,"(128, 128)",linen,./emb/128/raster2\linen\00462.npy,raster2
./img/128/linen/00463.png,463,"(128, 128)",linen,./emb/128/raster2\linen\00463.npy,raster2
./img/128/linen/00464.png,464,"(128, 128)",linen,./emb/128/raster2\linen\00464.npy,raster2
./img/128/linen/00465.png,465,"(128, 128)",linen,./emb/128/raster2\linen\00465.npy,raster2
./img/128/linen/00466.png,466,"(128, 128)",linen,./emb/128/raster2\linen\00466.npy,raster2
./img/128/linen/00467.png,467,"(128, 128)",linen,./emb/128/raster2\linen\00467.npy,raster2
./img/128/linen/00468.png,468,"(128, 128)",linen,./emb/128/raster2\linen\00468.npy,raster2
./img/128/linen/00469.png,469,"(128, 128)",linen,./emb/128/raster2\linen\00469.npy,raster2
./img/128/linen/00470.png,470,"(128, 128)",linen,./emb/128/raster2\linen\00470.npy,raster2
./img/128/linen/00471.png,471,"(128, 128)",linen,./emb/128/raster2\linen\00471.npy,raster2
./img/128/linen/00472.png,472,"(128, 128)",linen,./emb/128/raster2\linen\00472.npy,raster2
./img/128/linen/00473.png,473,"(128, 128)",linen,./emb/128/raster2\linen\00473.npy,raster2
./img/128/linen/00474.png,474,"(128, 128)",linen,./emb/128/raster2\linen\00474.npy,raster2
./img/128/linen/00475.png,475,"(128, 128)",linen,./emb/128/raster2\linen\00475.npy,raster2
./img/128/linen/00476.png,476,"(128, 128)",linen,./emb/128/raster2\linen\00476.npy,raster2
./img/128/linen/00477.png,477,"(128, 128)",linen,./emb/128/raster2\linen\00477.npy,raster2
./img/128/linen/00478.png,478,"(128, 128)",linen,./emb/128/raster2\linen\00478.npy,raster2
./img/128/linen/00479.png,479,"(128, 128)",linen,./emb/128/raster2\linen\00479.npy,raster2
./img/128/linen/00480.png,480,"(128, 128)",linen,./emb/128/raster2\linen\00480.npy,raster2
./img/128/linen/00481.png,481,"(128, 128)",linen,./emb/128/raster2\linen\00481.npy,raster2
./img/128/linen/00482.png,482,"(128, 128)",linen,./emb/128/raster2\linen\00482.npy,raster2
./img/128/linen/00483.png,483,"(128, 128)",linen,./emb/128/raster2\linen\00483.npy,raster2
./img/128/linen/00484.png,484,"(128, 128)",linen,./emb/128/raster2\linen\00484.npy,raster2
./img/128/linen/00485.png,485,"(128, 128)",linen,./emb/128/raster2\linen\00485.npy,raster2
./img/128/linen/00486.png,486,"(128, 128)",linen,./emb/128/raster2\linen\00486.npy,raster2
./img/128/orange_peel/00487.png,487,"(128, 128)",orange_peel,./emb/128/raster2\orange_peel\00487.npy,raster2
./img/128/orange_peel/00488.png,488,"(128, 128)",orange_peel,./emb/128/raster2\orange_peel\00488.npy,raster2
./img/128/orange_peel/00489.png,489,"(128, 128)",orange_peel,./emb/128/raster2\orange_peel\00489.npy,raster2
./img/128/orange_peel/00490.png,490,"(128, 128)",orange_peel,./emb/128/raster2\orange_peel\00490.npy,raster2
./img/128/orange_peel/00491.png,491,"(128, 128)",orange_peel,./emb/128/raster2\orange_peel\00491.npy,raster2
./img/128/orange_peel/00492.png,492,"(128, 128)",orange_peel,./emb/128/raster2\orange_peel\00492.npy,raster2
./img/128/orange_peel/00493.png,493,"(128, 128)",orange_peel,./emb/128/raster2\orange_peel\00493.npy,raster2
./img/128/orange_peel/00494.png,494,"(128, 128)",orange_peel,./emb/128/raster2\orange_peel\00494.npy,raster2
./img/128/orange_peel/00495.png,495,"(128, 128)",orange_peel,./emb/128/raster2\orange_peel\00495.npy,raster2
./img/128/orange_peel/00496.png,496,"(128, 128)",orange_peel,./emb/128/raster2\orange_peel\00496.npy,raster2
./img/128/orange_peel/00497.png,497,"(128, 128)",orange_peel,./emb/128/raster2\orange_peel\00497.npy,raster2
./img/128/orange_peel/00498.png,498,"(128, 128)",orange_peel,./emb/128/raster2\orange_peel\00498.npy,raster2
./img/128/orange_peel/00499.png,499,"(128, 128)",orange_peel,./emb/128/raster2\orange_peel\00499.npy,raster2
./img/128/orange_peel/00500.png,500,"(128, 128)",orange_peel,./emb/128/raster2\orange_peel\00500.npy,raster2
./img/128/orange_peel/00501.png,501,"(128, 128)",orange_peel,./emb/128/raster2\orange_peel\00501.npy,raster2
./img/128/orange_peel/00502.png,502,"(128, 128)",orange_peel,./emb/128/raster2\orange_peel\00502.npy,raster2
./img/128/orange_peel/00503.png,503,"(128, 128)",orange_peel,./emb/128/raster2\orange_peel\00503.npy,raster2
./img/128/orange_peel/00504.png,504,"(128, 128)",orange_peel,./emb/128/raster2\orange_peel\00504.npy,raster2
./img/128/orange_peel/00505.png,505,"(128, 128)",orange_peel,./emb/128/raster2\orange_peel\00505.npy,raster2
./img/128/orange_peel/00506.png,506,"(128, 128)",orange_peel,./emb/128/raster2\orange_peel\00506.npy,raster2
./img/128/orange_peel/00507.png,507,"(128, 128)",orange_peel,./emb/128/raster2\orange_peel\00507.npy,raster2
./img/128/orange_peel/00508.png,508,"(128, 128)",orange_peel,./emb/128/raster2\orange_peel\00508.npy,raster2
./img/128/orange_peel/00509.png,509,"(128, 128)",orange_peel,./emb/128/raster2\orange_peel\00509.npy,raster2
./img/128/orange_peel/00510.png,510,"(128, 128)",orange_peel,./emb/128/raster2\orange_peel\00510.npy,raster2
./img/128/orange_peel/00511.png,511,"(128, 128)",orange_peel,./emb/128/raster2\orange_peel\00511.npy,raster2
./img/128/orange_peel/00512.png,512,"(128, 128)",orange_peel,./emb/128/raster2\orange_peel\00512.npy,raster2
./img/128/orange_peel/00513.png,513,"(128, 128)",orange_peel,./emb/128/raster2\orange_peel\00513.npy,raster2
./img/128/orange_peel/00514.png,514,"(128, 128)",orange_peel,./emb/128/raster2\orange_peel\00514.npy,raster2
./img/128/orange_peel/00515.png,515,"(128, 128)",orange_peel,./emb/128/raster2\orange_peel\00515.npy,raster2
./img/128/orange_peel/00516.png,516,"(128, 128)",orange_peel,./emb/128/raster2\orange_peel\00516.npy,raster2
./img/128/orange_peel/00517.png,517,"(128, 128)",orange_peel,./emb/128/raster2\orange_peel\00517.npy,raster2
./img/128/orange_peel/00518.png,518,"(128, 128)",orange_peel,./emb/128/raster2\orange_peel\00518.npy,raster2
./img/128/orange_peel/00519.png,519,"(128, 128)",orange_peel,./emb/128/raster2\orange_peel\00519.npy,raster2
./img/128/orange_peel/00520.png,520,"(128, 128)",orange_peel,./emb/128/raster2\orange_peel\00520.npy,raster2
./img/128/orange_peel/00521.png,521,"(128, 128)",orange_peel,./emb/128/raster2\orange_peel\00521.npy,raster2
./img/128/orange_peel/00522.png,522,"(128, 128)",orange_peel,./emb/128/raster2\orange_peel\00522.npy,raster2
./img/128/orange_peel/00523.png,523,"(128, 128)",orange_peel,./emb/128/raster2\orange_peel\00523.npy,raster2
./img/128/orange_peel/00524.png,524,"(128, 128)",orange_peel,./emb/128/raster2\orange_peel\00524.npy,raster2
./img/128/orange_peel/00525.png,525,"(128, 128)",orange_peel,./emb/128/raster2\orange_peel\00525.npy,raster2
./img/128/orange_peel/00526.png,526,"(128, 128)",orange_peel,./emb/128/raster2\orange_peel\00526.npy,raster2
./img/128/orange_peel/00527.png,527,"(128, 128)",orange_peel,./emb/128/raster2\orange_peel\00527.npy,raster2
./img/128/orange_peel/00528.png,528,"(128, 128)",orange_peel,./emb/128/raster2\orange_peel\00528.npy,raster2
./img/128/orange_peel/00529.png,529,"(128, 128)",orange_peel,./emb/128/raster2\orange_peel\00529.npy,raster2
./img/128/orange_peel/00530.png,530,"(128, 128)",orange_peel,./emb/128/raster2\orange_peel\00530.npy,raster2
./img/128/orange_peel/00531.png,531,"(128, 128)",orange_peel,./emb/128/raster2\orange_peel\00531.npy,raster2
./img/128/orange_peel/00532.png,532,"(128, 128)",orange_peel,./emb/128/raster2\orange_peel\00532.npy,raster2
./img/128/orange_peel/00533.png,533,"(128, 128)",orange_peel,./emb/128/raster2\orange_peel\00533.npy,raster2
./img/128/orange_peel/00534.png,534,"(128, 128)",orange_peel,./emb/128/raster2\orange_peel\00534.npy,raster2
./img/128/orange_peel/00535.png,535,"(128, 128)",orange_peel,./emb/128/raster2\orange_peel\00535.npy,raster2
./img/128/orange_peel/00536.png,536,"(128, 128)",orange_peel,./emb/128/raster2\orange_peel\00536.npy,raster2
./img/128/orange_peel/00537.png,537,"(128, 128)",orange_peel,./emb/128/raster2\orange_peel\00537.npy,raster2
./img/128/orange_peel/00538.png,538,"(128, 128)",orange_peel,./emb/128/raster2\orange_peel\00538.npy,raster2
./img/128/orange_peel/00539.png,539,"(128, 128)",orange_peel,./emb/128/raster2\orange_peel\00539.npy,raster2
./img/128/orange_peel/00540.png,540,"(128, 128)",orange_peel,./emb/128/raster2\orange_peel\00540.npy,raster2
./img/128/orange_peel/00541.png,541,"(128, 128)",orange_peel,./emb/128/raster2\orange_peel\00541.npy,raster2
./img/128/orange_peel/00542.png,542,"(128, 128)",orange_peel,./emb/128/raster2\orange_peel\00542.npy,raster2
./img/128/orange_peel/00543.png,543,"(128, 128)",orange_peel,./emb/128/raster2\orange_peel\00543.npy,raster2
./img/128/orange_peel/00544.png,544,"(128, 128)",orange_peel,./emb/128/raster2\orange_peel\00544.npy,raster2
./img/128/orange_peel/00545.png,545,"(128, 128)",orange_peel,./emb/128/raster2\orange_peel\00545.npy,raster2
./img/128/orange_peel/00546.png,546,"(128, 128)",orange_peel,./emb/128/raster2\orange_peel\00546.npy,raster2
./img/128/orange_peel/00547.png,547,"(128, 128)",orange_peel,./emb/128/raster2\orange_peel\00547.npy,raster2
./img/128/orange_peel/00548.png,548,"(128, 128)",orange_peel,./emb/128/raster2\orange_peel\00548.npy,raster2
./img/128/orange_peel/00549.png,549,"(128, 128)",orange_peel,./emb/128/raster2\orange_peel\00549.npy,raster2
./img/128/orange_peel/00550.png,550,"(128, 128)",orange_peel,./emb/128/raster2\orange_peel\00550.npy,raster2
./img/128/orange_peel/00551.png,551,"(128, 128)",orange_peel,./emb/128/raster2\orange_peel\00551.npy,raster2
./img/128/orange_peel/00552.png,552,"(128, 128)",orange_peel,./emb/128/raster2\orange_peel\00552.npy,raster2
./img/128/orange_peel/00553.png,553,"(128, 128)",orange_peel,./emb/128/raster2\orange_peel\00553.npy,raster2
./img/128/orange_peel/00554.png,554,"(128, 128)",orange_peel,./emb/128/raster2\orange_peel\00554.npy,raster2
./img/128/orange_peel/00555.png,555,"(128, 128)",orange_peel,./emb/128/raster2\orange_peel\00555.npy,raster2
./img/128/orange_peel/00556.png,556,"(128, 128)",orange_peel,./emb/128/raster2\orange_peel\00556.npy,raster2
./img/128/orange_peel/00557.png,557,"(128, 128)",orange_peel,./emb/128/raster2\orange_peel\00557.npy,raster2
./img/128/orange_peel/00558.png,558,"(128, 128)",orange_peel,./emb/128/raster2\orange_peel\00558.npy,raster2
./img/128/orange_peel/00559.png,559,"(128, 128)",orange_peel,./emb/128/raster2\orange_peel\00559.npy,raster2
./img/128/orange_peel/00560.png,560,"(128, 128)",orange_peel,./emb/128/raster2\orange_peel\00560.npy,raster2
./img/128/orange_peel/00561.png,561,"(128, 128)",orange_peel,./emb/128/raster2\orange_peel\00561.npy,raster2
./img/128/orange_peel/00562.png,562,"(128, 128)",orange_peel,./emb/128/raster2\orange_peel\00562.npy,raster2
./img/128/orange_peel/00563.png,563,"(128, 128)",orange_peel,./emb/128/raster2\orange_peel\00563.npy,raster2
./img/128/orange_peel/00564.png,564,"(128, 128)",orange_peel,./emb/128/raster2\orange_peel\00564.npy,raster2
./img/128/orange_peel/00565.png,565,"(128, 128)",orange_peel,./emb/128/raster2\orange_peel\00565.npy,raster2
./img/128/orange_peel/00566.png,566,"(128, 128)",orange_peel,./emb/128/raster2\orange_peel\00566.npy,raster2
./img/128/orange_peel/00567.png,567,"(128, 128)",orange_peel,./emb/128/raster2\orange_peel\00567.npy,raster2
./img/128/sandpaper/00568.png,568,"(128, 128)",sandpaper,./emb/128/raster2\sandpaper\00568.npy,raster2
./img/128/sandpaper/00569.png,569,"(128, 128)",sandpaper,./emb/128/raster2\sandpaper\00569.npy,raster2
./img/128/sandpaper/00570.png,570,"(128, 128)",sandpaper,./emb/128/raster2\sandpaper\00570.npy,raster2
./img/128/sandpaper/00571.png,571,"(128, 128)",sandpaper,./emb/128/raster2\sandpaper\00571.npy,raster2
./img/128/sandpaper/00572.png,572,"(128, 128)",sandpaper,./emb/128/raster2\sandpaper\00572.npy,raster2
./img/128/sandpaper/00573.png,573,"(128, 128)",sandpaper,./emb/128/raster2\sandpaper\00573.npy,raster2
./img/128/sandpaper/00574.png,574,"(128, 128)",sandpaper,./emb/128/raster2\sandpaper\00574.npy,raster2
./img/128/sandpaper/00575.png,575,"(128, 128)",sandpaper,./emb/128/raster2\sandpaper\00575.npy,raster2
./img/128/sandpaper/00576.png,576,"(128, 128)",sandpaper,./emb/128/raster2\sandpaper\00576.npy,raster2
./img/128/sandpaper/00577.png,577,"(128, 128)",sandpaper,./emb/128/raster2\sandpaper\00577.npy,raster2
./img/128/sandpaper/00578.png,578,"(128, 128)",sandpaper,./emb/128/raster2\sandpaper\00578.npy,raster2
./img/128/sandpaper/00579.png,579,"(128, 128)",sandpaper,./emb/128/raster2\sandpaper\00579.npy,raster2
./img/128/sandpaper/00580.png,580,"(128, 128)",sandpaper,./emb/128/raster2\sandpaper\00580.npy,raster2
./img/128/sandpaper/00581.png,581,"(128, 128)",sandpaper,./emb/128/raster2\sandpaper\00581.npy,raster2
./img/128/sandpaper/00582.png,582,"(128, 128)",sandpaper,./emb/128/raster2\sandpaper\00582.npy,raster2
./img/128/sandpaper/00583.png,583,"(128, 128)",sandpaper,./emb/128/raster2\sandpaper\00583.npy,raster2
./img/128/sandpaper/00584.png,584,"(128, 128)",sandpaper,./emb/128/raster2\sandpaper\00584.npy,raster2
./img/128/sandpaper/00585.png,585,"(128, 128)",sandpaper,./emb/128/raster2\sandpaper\00585.npy,raster2
./img/128/sandpaper/00586.png,586,"(128, 128)",sandpaper,./emb/128/raster2\sandpaper\00586.npy,raster2
./img/128/sandpaper/00587.png,587,"(128, 128)",sandpaper,./emb/128/raster2\sandpaper\00587.npy,raster2
./img/128/sandpaper/00588.png,588,"(128, 128)",sandpaper,./emb/128/raster2\sandpaper\00588.npy,raster2
./img/128/sandpaper/00589.png,589,"(128, 128)",sandpaper,./emb/128/raster2\sandpaper\00589.npy,raster2
./img/128/sandpaper/00590.png,590,"(128, 128)",sandpaper,./emb/128/raster2\sandpaper\00590.npy,raster2
./img/128/sandpaper/00591.png,591,"(128, 128)",sandpaper,./emb/128/raster2\sandpaper\00591.npy,raster2
./img/128/sandpaper/00592.png,592,"(128, 128)",sandpaper,./emb/128/raster2\sandpaper\00592.npy,raster2
./img/128/sandpaper/00593.png,593,"(128, 128)",sandpaper,./emb/128/raster2\sandpaper\00593.npy,raster2
./img/128/sandpaper/00594.png,594,"(128, 128)",sandpaper,./emb/128/raster2\sandpaper\00594.npy,raster2
./img/128/sandpaper/00595.png,595,"(128, 128)",sandpaper,./emb/128/raster2\sandpaper\00595.npy,raster2
./img/128/sandpaper/00596.png,596,"(128, 128)",sandpaper,./emb/128/raster2\sandpaper\00596.npy,raster2
./img/128/sandpaper/00597.png,597,"(128, 128)",sandpaper,./emb/128/raster2\sandpaper\00597.npy,raster2
./img/128/sandpaper/00598.png,598,"(128, 128)",sandpaper,./emb/128/raster2\sandpaper\00598.npy,raster2
./img/128/sandpaper/00599.png,599,"(128, 128)",sandpaper,./emb/128/raster2\sandpaper\00599.npy,raster2
./img/128/sandpaper/00600.png,600,"(128, 128)",sandpaper,./emb/128/raster2\sandpaper\00600.npy,raster2
./img/128/sandpaper/00601.png,601,"(128, 128)",sandpaper,./emb/128/raster2\sandpaper\00601.npy,raster2
./img/128/sandpaper/00602.png,602,"(128, 128)",sandpaper,./emb/128/raster2\sandpaper\00602.npy,raster2
./img/128/sandpaper/00603.png,603,"(128, 128)",sandpaper,./emb/128/raster2\sandpaper\00603.npy,raster2
./img/128/sandpaper/00604.png,604,"(128, 128)",sandpaper,./emb/128/raster2\sandpaper\00604.npy,raster2
./img/128/sandpaper/00605.png,605,"(128, 128)",sandpaper,./emb/128/raster2\sandpaper\00605.npy,raster2
./img/128/sandpaper/00606.png,606,"(128, 128)",sandpaper,./emb/128/raster2\sandpaper\00606.npy,raster2
./img/128/sandpaper/00607.png,607,"(128, 128)",sandpaper,./emb/128/raster2\sandpaper\00607.npy,raster2
./img/128/sandpaper/00608.png,608,"(128, 128)",sandpaper,./emb/128/raster2\sandpaper\00608.npy,raster2
./img/128/sandpaper/00609.png,609,"(128, 128)",sandpaper,./emb/128/raster2\sandpaper\00609.npy,raster2
./img/128/sandpaper/00610.png,610,"(128, 128)",sandpaper,./emb/128/raster2\sandpaper\00610.npy,raster2
./img/128/sandpaper/00611.png,611,"(128, 128)",sandpaper,./emb/128/raster2\sandpaper\00611.npy,raster2
./img/128/sandpaper/00612.png,612,"(128, 128)",sandpaper,./emb/128/raster2\sandpaper\00612.npy,raster2
./img/128/sandpaper/00613.png,613,"(128, 128)",sandpaper,./emb/128/raster2\sandpaper\00613.npy,raster2
./img/128/sandpaper/00614.png,614,"(128, 128)",sandpaper,./emb/128/raster2\sandpaper\00614.npy,raster2
./img/128/sandpaper/00615.png,615,"(128, 128)",sandpaper,./emb/128/raster2\sandpaper\00615.npy,raster2
./img/128/sandpaper/00616.png,616,"(128, 128)",sandpaper,./emb/128/raster2\sandpaper\00616.npy,raster2
./img/128/sandpaper/00617.png,617,"(128, 128)",sandpaper,./emb/128/raster2\sandpaper\00617.npy,raster2
./img/128/sandpaper/00618.png,618,"(128, 128)",sandpaper,./emb/128/raster2\sandpaper\00618.npy,raster2
./img/128/sandpaper/00619.png,619,"(128, 128)",sandpaper,./emb/128/raster2\sandpaper\00619.npy,raster2
./img/128/sandpaper/00620.png,620,"(128, 128)",sandpaper,./emb/128/raster2\sandpaper\00620.npy,raster2
./img/128/sandpaper/00621.png,621,"(128, 128)",sandpaper,./emb/128/raster2\sandpaper\00621.npy,raster2
./img/128/sandpaper/00622.png,622,"(128, 128)",sandpaper,./emb/128/raster2\sandpaper\00622.npy,raster2
./img/128/sandpaper/00623.png,623,"(128, 128)",sandpaper,./emb/128/raster2\sandpaper\00623.npy,raster2
./img/128/sandpaper/00624.png,624,"(128, 128)",sandpaper,./emb/128/raster2\sandpaper\00624.npy,raster2
./img/128/sandpaper/00625.png,625,"(128, 128)",sandpaper,./emb/128/raster2\sandpaper\00625.npy,raster2
./img/128/sandpaper/00626.png,626,"(128, 128)",sandpaper,./emb/128/raster2\sandpaper\00626.npy,raster2
./img/128/sandpaper/00627.png,627,"(128, 128)",sandpaper,./emb/128/raster2\sandpaper\00627.npy,raster2
./img/128/sandpaper/00628.png,628,"(128, 128)",sandpaper,./emb/128/raster2\sandpaper\00628.npy,raster2
./img/128/sandpaper/00629.png,629,"(128, 128)",sandpaper,./emb/128/raster2\sandpaper\00629.npy,raster2
./img/128/sandpaper/00630.png,630,"(128, 128)",sandpaper,./emb/128/raster2\sandpaper\00630.npy,raster2
./img/128/sandpaper/00631.png,631,"(128, 128)",sandpaper,./emb/128/raster2\sandpaper\00631.npy,raster2
./img/128/sandpaper/00632.png,632,"(128, 128)",sandpaper,./emb/128/raster2\sandpaper\00632.npy,raster2
./img/128/sandpaper/00633.png,633,"(128, 128)",sandpaper,./emb/128/raster2\sandpaper\00633.npy,raster2
./img/128/sandpaper/00634.png,634,"(128, 128)",sandpaper,./emb/128/raster2\sandpaper\00634.npy,raster2
./img/128/sandpaper/00635.png,635,"(128, 128)",sandpaper,./emb/128/raster2\sandpaper\00635.npy,raster2
./img/128/sandpaper/00636.png,636,"(128, 128)",sandpaper,./emb/128/raster2\sandpaper\00636.npy,raster2
./img/128/sandpaper/00637.png,637,"(128, 128)",sandpaper,./emb/128/raster2\sandpaper\00637.npy,raster2
./img/128/sandpaper/00638.png,638,"(128, 128)",sandpaper,./emb/128/raster2\sandpaper\00638.npy,raster2
./img/128/sandpaper/00639.png,639,"(128, 128)",sandpaper,./emb/128/raster2\sandpaper\00639.npy,raster2
./img/128/sandpaper/00640.png,640,"(128, 128)",sandpaper,./emb/128/raster2\sandpaper\00640.npy,raster2
./img/128/sandpaper/00641.png,641,"(128, 128)",sandpaper,./emb/128/raster2\sandpaper\00641.npy,raster2
./img/128/sandpaper/00642.png,642,"(128, 128)",sandpaper,./emb/128/raster2\sandpaper\00642.npy,raster2
./img/128/sandpaper/00643.png,643,"(128, 128)",sandpaper,./emb/128/raster2\sandpaper\00643.npy,raster2
./img/128/sandpaper/00644.png,644,"(128, 128)",sandpaper,./emb/128/raster2\sandpaper\00644.npy,raster2
./img/128/sandpaper/00645.png,645,"(128, 128)",sandpaper,./emb/128/raster2\sandpaper\00645.npy,raster2
./img/128/sandpaper/00646.png,646,"(128, 128)",sandpaper,./emb/128/raster2\sandpaper\00646.npy,raster2
./img/128/sandpaper/00647.png,647,"(128, 128)",sandpaper,./emb/128/raster2\sandpaper\00647.npy,raster2
./img/128/sandpaper/00648.png,648,"(128, 128)",sandpaper,./emb/128/raster2\sandpaper\00648.npy,raster2
./img/128/sponge/00649.png,649,"(128, 128)",sponge,./emb/128/raster2\sponge\00649.npy,raster2
./img/128/sponge/00650.png,650,"(128, 128)",sponge,./emb/128/raster2\sponge\00650.npy,raster2
./img/128/sponge/00651.png,651,"(128, 128)",sponge,./emb/128/raster2\sponge\00651.npy,raster2
./img/128/sponge/00652.png,652,"(128, 128)",sponge,./emb/128/raster2\sponge\00652.npy,raster2
./img/128/sponge/00653.png,653,"(128, 128)",sponge,./emb/128/raster2\sponge\00653.npy,raster2
./img/128/sponge/00654.png,654,"(128, 128)",sponge,./emb/128/raster2\sponge\00654.npy,raster2
./img/128/sponge/00655.png,655,"(128, 128)",sponge,./emb/128/raster2\sponge\00655.npy,raster2
./img/128/sponge/00656.png,656,"(128, 128)",sponge,./emb/128/raster2\sponge\00656.npy,raster2
./img/128/sponge/00657.png,657,"(128, 128)",sponge,./emb/128/raster2\sponge\00657.npy,raster2
./img/128/sponge/00658.png,658,"(128, 128)",sponge,./emb/128/raster2\sponge\00658.npy,raster2
./img/128/sponge/00659.png,659,"(128, 128)",sponge,./emb/128/raster2\sponge\00659.npy,raster2
./img/128/sponge/00660.png,660,"(128, 128)",sponge,./emb/128/raster2\sponge\00660.npy,raster2
./img/128/sponge/00661.png,661,"(128, 128)",sponge,./emb/128/raster2\sponge\00661.npy,raster2
./img/128/sponge/00662.png,662,"(128, 128)",sponge,./emb/128/raster2\sponge\00662.npy,raster2
./img/128/sponge/00663.png,663,"(128, 128)",sponge,./emb/128/raster2\sponge\00663.npy,raster2
./img/128/sponge/00664.png,664,"(128, 128)",sponge,./emb/128/raster2\sponge\00664.npy,raster2
./img/128/sponge/00665.png,665,"(128, 128)",sponge,./emb/128/raster2\sponge\00665.npy,raster2
./img/128/sponge/00666.png,666,"(128, 128)",sponge,./emb/128/raster2\sponge\00666.npy,raster2
./img/128/sponge/00667.png,667,"(128, 128)",sponge,./emb/128/raster2\sponge\00667.npy,raster2
./img/128/sponge/00668.png,668,"(128, 128)",sponge,./emb/128/raster2\sponge\00668.npy,raster2
./img/128/sponge/00669.png,669,"(128, 128)",sponge,./emb/128/raster2\sponge\00669.npy,raster2
./img/128/sponge/00670.png,670,"(128, 128)",sponge,./emb/128/raster2\sponge\00670.npy,raster2
./img/128/sponge/00671.png,671,"(128, 128)",sponge,./emb/128/raster2\sponge\00671.npy,raster2
./img/128/sponge/00672.png,672,"(128, 128)",sponge,./emb/128/raster2\sponge\00672.npy,raster2
./img/128/sponge/00673.png,673,"(128, 128)",sponge,./emb/128/raster2\sponge\00673.npy,raster2
./img/128/sponge/00674.png,674,"(128, 128)",sponge,./emb/128/raster2\sponge\00674.npy,raster2
./img/128/sponge/00675.png,675,"(128, 128)",sponge,./emb/128/raster2\sponge\00675.npy,raster2
./img/128/sponge/00676.png,676,"(128, 128)",sponge,./emb/128/raster2\sponge\00676.npy,raster2
./img/128/sponge/00677.png,677,"(128, 128)",sponge,./emb/128/raster2\sponge\00677.npy,raster2
./img/128/sponge/00678.png,678,"(128, 128)",sponge,./emb/128/raster2\sponge\00678.npy,raster2
./img/128/sponge/00679.png,679,"(128, 128)",sponge,./emb/128/raster2\sponge\00679.npy,raster2
./img/128/sponge/00680.png,680,"(128, 128)",sponge,./emb/128/raster2\sponge\00680.npy,raster2
./img/128/sponge/00681.png,681,"(128, 128)",sponge,./emb/128/raster2\sponge\00681.npy,raster2
./img/128/sponge/00682.png,682,"(128, 128)",sponge,./emb/128/raster2\sponge\00682.npy,raster2
./img/128/sponge/00683.png,683,"(128, 128)",sponge,./emb/128/raster2\sponge\00683.npy,raster2
./img/128/sponge/00684.png,684,"(128, 128)",sponge,./emb/128/raster2\sponge\00684.npy,raster2
./img/128/sponge/00685.png,685,"(128, 128)",sponge,./emb/128/raster2\sponge\00685.npy,raster2
./img/128/sponge/00686.png,686,"(128, 128)",sponge,./emb/128/raster2\sponge\00686.npy,raster2
./img/128/sponge/00687.png,687,"(128, 128)",sponge,./emb/128/raster2\sponge\00687.npy,raster2
./img/128/sponge/00688.png,688,"(128, 128)",sponge,./emb/128/raster2\sponge\00688.npy,raster2
./img/128/sponge/00689.png,689,"(128, 128)",sponge,./emb/128/raster2\sponge\00689.npy,raster2
./img/128/sponge/00690.png,690,"(128, 128)",sponge,./emb/128/raster2\sponge\00690.npy,raster2
./img/128/sponge/00691.png,691,"(128, 128)",sponge,./emb/128/raster2\sponge\00691.npy,raster2
./img/128/sponge/00692.png,692,"(128, 128)",sponge,./emb/128/raster2\sponge\00692.npy,raster2
./img/128/sponge/00693.png,693,"(128, 128)",sponge,./emb/128/raster2\sponge\00693.npy,raster2
./img/128/sponge/00694.png,694,"(128, 128)",sponge,./emb/128/raster2\sponge\00694.npy,raster2
./img/128/sponge/00695.png,695,"(128, 128)",sponge,./emb/128/raster2\sponge\00695.npy,raster2
./img/128/sponge/00696.png,696,"(128, 128)",sponge,./emb/128/raster2\sponge\00696.npy,raster2
./img/128/sponge/00697.png,697,"(128, 128)",sponge,./emb/128/raster2\sponge\00697.npy,raster2
./img/128/sponge/00698.png,698,"(128, 128)",sponge,./emb/128/raster2\sponge\00698.npy,raster2
./img/128/sponge/00699.png,699,"(128, 128)",sponge,./emb/128/raster2\sponge\00699.npy,raster2
./img/128/sponge/00700.png,700,"(128, 128)",sponge,./emb/128/raster2\sponge\00700.npy,raster2
./img/128/sponge/00701.png,701,"(128, 128)",sponge,./emb/128/raster2\sponge\00701.npy,raster2
./img/128/sponge/00702.png,702,"(128, 128)",sponge,./emb/128/raster2\sponge\00702.npy,raster2
./img/128/sponge/00703.png,703,"(128, 128)",sponge,./emb/128/raster2\sponge\00703.npy,raster2
./img/128/sponge/00704.png,704,"(128, 128)",sponge,./emb/128/raster2\sponge\00704.npy,raster2
./img/128/sponge/00705.png,705,"(128, 128)",sponge,./emb/128/raster2\sponge\00705.npy,raster2
./img/128/sponge/00706.png,706,"(128, 128)",sponge,./emb/128/raster2\sponge\00706.npy,raster2
./img/128/sponge/00707.png,707,"(128, 128)",sponge,./emb/128/raster2\sponge\00707.npy,raster2
./img/128/sponge/00708.png,708,"(128, 128)",sponge,./emb/128/raster2\sponge\00708.npy,raster2
./img/128/sponge/00709.png,709,"(128, 128)",sponge,./emb/128/raster2\sponge\00709.npy,raster2
./img/128/sponge/00710.png,710,"(128, 128)",sponge,./emb/128/raster2\sponge\00710.npy,raster2
./img/128/sponge/00711.png,711,"(128, 128)",sponge,./emb/128/raster2\sponge\00711.npy,raster2
./img/128/sponge/00712.png,712,"(128, 128)",sponge,./emb/128/raster2\sponge\00712.npy,raster2
./img/128/sponge/00713.png,713,"(128, 128)",sponge,./emb/128/raster2\sponge\00713.npy,raster2
./img/128/sponge/00714.png,714,"(128, 128)",sponge,./emb/128/raster2\sponge\00714.npy,raster2
./img/128/sponge/00715.png,715,"(128, 128)",sponge,./emb/128/raster2\sponge\00715.npy,raster2
./img/128/sponge/00716.png,716,"(128, 128)",sponge,./emb/128/raster2\sponge\00716.npy,raster2
./img/128/sponge/00717.png,717,"(128, 128)",sponge,./emb/128/raster2\sponge\00717.npy,raster2
./img/128/sponge/00718.png,718,"(128, 128)",sponge,./emb/128/raster2\sponge\00718.npy,raster2
./img/128/sponge/00719.png,719,"(128, 128)",sponge,./emb/128/raster2\sponge\00719.npy,raster2
./img/128/sponge/00720.png,720,"(128, 128)",sponge,./emb/128/raster2\sponge\00720.npy,raster2
./img/128/sponge/00721.png,721,"(128, 128)",sponge,./emb/128/raster2\sponge\00721.npy,raster2
./img/128/sponge/00722.png,722,"(128, 128)",sponge,./emb/128/raster2\sponge\00722.npy,raster2
./img/128/sponge/00723.png,723,"(128, 128)",sponge,./emb/128/raster2\sponge\00723.npy,raster2
./img/128/sponge/00724.png,724,"(128, 128)",sponge,./emb/128/raster2\sponge\00724.npy,raster2
./img/128/sponge/00725.png,725,"(128, 128)",sponge,./emb/128/raster2\sponge\00725.npy,raster2
./img/128/sponge/00726.png,726,"(128, 128)",sponge,./emb/128/raster2\sponge\00726.npy,raster2
./img/128/sponge/00727.png,727,"(128, 128)",sponge,./emb/128/raster2\sponge\00727.npy,raster2
./img/128/sponge/00728.png,728,"(128, 128)",sponge,./emb/128/raster2\sponge\00728.npy,raster2
./img/128/sponge/00729.png,729,"(128, 128)",sponge,./emb/128/raster2\sponge\00729.npy,raster2
./img/128/styrofoam/00730.png,730,"(128, 128)",styrofoam,./emb/128/raster2\styrofoam\00730.npy,raster2
./img/128/styrofoam/00731.png,731,"(128, 128)",styrofoam,./emb/128/raster2\styrofoam\00731.npy,raster2
./img/128/styrofoam/00732.png,732,"(128, 128)",styrofoam,./emb/128/raster2\styrofoam\00732.npy,raster2
./img/128/styrofoam/00733.png,733,"(128, 128)",styrofoam,./emb/128/raster2\styrofoam\00733.npy,raster2
./img/128/styrofoam/00734.png,734,"(128, 128)",styrofoam,./emb/128/raster2\styrofoam\00734.npy,raster2
./img/128/styrofoam/00735.png,735,"(128, 128)",styrofoam,./emb/128/raster2\styrofoam\00735.npy,raster2
./img/128/styrofoam/00736.png,736,"(128, 128)",styrofoam,./emb/128/raster2\styrofoam\00736.npy,raster2
./img/128/styrofoam/00737.png,737,"(128, 128)",styrofoam,./emb/128/raster2\styrofoam\00737.npy,raster2
./img/128/styrofoam/00738.png,738,"(128, 128)",styrofoam,./emb/128/raster2\styrofoam\00738.npy,raster2
./img/128/styrofoam/00739.png,739,"(128, 128)",styrofoam,./emb/128/raster2\styrofoam\00739.npy,raster2
./img/128/styrofoam/00740.png,740,"(128, 128)",styrofoam,./emb/128/raster2\styrofoam\00740.npy,raster2
./img/128/styrofoam/00741.png,741,"(128, 128)",styrofoam,./emb/128/raster2\styrofoam\00741.npy,raster2
./img/128/styrofoam/00742.png,742,"(128, 128)",styrofoam,./emb/128/raster2\styrofoam\00742.npy,raster2
./img/128/styrofoam/00743.png,743,"(128, 128)",styrofoam,./emb/128/raster2\styrofoam\00743.npy,raster2
./img/128/styrofoam/00744.png,744,"(128, 128)",styrofoam,./emb/128/raster2\styrofoam\00744.npy,raster2
./img/128/styrofoam/00745.png,745,"(128, 128)",styrofoam,./emb/128/raster2\styrofoam\00745.npy,raster2
./img/128/styrofoam/00746.png,746,"(128, 128)",styrofoam,./emb/128/raster2\styrofoam\00746.npy,raster2
./img/128/styrofoam/00747.png,747,"(128, 128)",styrofoam,./emb/128/raster2\styrofoam\00747.npy,raster2
./img/128/styrofoam/00748.png,748,"(128, 128)",styrofoam,./emb/128/raster2\styrofoam\00748.npy,raster2
./img/128/styrofoam/00749.png,749,"(128, 128)",styrofoam,./emb/128/raster2\styrofoam\00749.npy,raster2
./img/128/styrofoam/00750.png,750,"(128, 128)",styrofoam,./emb/128/raster2\styrofoam\00750.npy,raster2
./img/128/styrofoam/00751.png,751,"(128, 128)",styrofoam,./emb/128/raster2\styrofoam\00751.npy,raster2
./img/128/styrofoam/00752.png,752,"(128, 128)",styrofoam,./emb/128/raster2\styrofoam\00752.npy,raster2
./img/128/styrofoam/00753.png,753,"(128, 128)",styrofoam,./emb/128/raster2\styrofoam\00753.npy,raster2
./img/128/styrofoam/00754.png,754,"(128, 128)",styrofoam,./emb/128/raster2\styrofoam\00754.npy,raster2
./img/128/styrofoam/00755.png,755,"(128, 128)",styrofoam,./emb/128/raster2\styrofoam\00755.npy,raster2
./img/128/styrofoam/00756.png,756,"(128, 128)",styrofoam,./emb/128/raster2\styrofoam\00756.npy,raster2
./img/128/styrofoam/00757.png,757,"(128, 128)",styrofoam,./emb/128/raster2\styrofoam\00757.npy,raster2
./img/128/styrofoam/00758.png,758,"(128, 128)",styrofoam,./emb/128/raster2\styrofoam\00758.npy,raster2
./img/128/styrofoam/00759.png,759,"(128, 128)",styrofoam,./emb/128/raster2\styrofoam\00759.npy,raster2
./img/128/styrofoam/00760.png,760,"(128, 128)",styrofoam,./emb/128/raster2\styrofoam\00760.npy,raster2
./img/128/styrofoam/00761.png,761,"(128, 128)",styrofoam,./emb/128/raster2\styrofoam\00761.npy,raster2
./img/128/styrofoam/00762.png,762,"(128, 128)",styrofoam,./emb/128/raster2\styrofoam\00762.npy,raster2
./img/128/styrofoam/00763.png,763,"(128, 128)",styrofoam,./emb/128/raster2\styrofoam\00763.npy,raster2
./img/128/styrofoam/00764.png,764,"(128, 128)",styrofoam,./emb/128/raster2\styrofoam\00764.npy,raster2
./img/128/styrofoam/00765.png,765,"(128, 128)",styrofoam,./emb/128/raster2\styrofoam\00765.npy,raster2
./img/128/styrofoam/00766.png,766,"(128, 128)",styrofoam,./emb/128/raster2\styrofoam\00766.npy,raster2
./img/128/styrofoam/00767.png,767,"(128, 128)",styrofoam,./emb/128/raster2\styrofoam\00767.npy,raster2
./img/128/styrofoam/00768.png,768,"(128, 128)",styrofoam,./emb/128/raster2\styrofoam\00768.npy,raster2
./img/128/styrofoam/00769.png,769,"(128, 128)",styrofoam,./emb/128/raster2\styrofoam\00769.npy,raster2
./img/128/styrofoam/00770.png,770,"(128, 128)",styrofoam,./emb/128/raster2\styrofoam\00770.npy,raster2
./img/128/styrofoam/00771.png,771,"(128, 128)",styrofoam,./emb/128/raster2\styrofoam\00771.npy,raster2
./img/128/styrofoam/00772.png,772,"(128, 128)",styrofoam,./emb/128/raster2\styrofoam\00772.npy,raster2
./img/128/styrofoam/00773.png,773,"(128, 128)",styrofoam,./emb/128/raster2\styrofoam\00773.npy,raster2
./img/128/styrofoam/00774.png,774,"(128, 128)",styrofoam,./emb/128/raster2\styrofoam\00774.npy,raster2
./img/128/styrofoam/00775.png,775,"(128, 128)",styrofoam,./emb/128/raster2\styrofoam\00775.npy,raster2
./img/128/styrofoam/00776.png,776,"(128, 128)",styrofoam,./emb/128/raster2\styrofoam\00776.npy,raster2
./img/128/styrofoam/00777.png,777,"(128, 128)",styrofoam,./emb/128/raster2\styrofoam\00777.npy,raster2
./img/128/styrofoam/00778.png,778,"(128, 128)",styrofoam,./emb/128/raster2\styrofoam\00778.npy,raster2
./img/128/styrofoam/00779.png,779,"(128, 128)",styrofoam,./emb/128/raster2\styrofoam\00779.npy,raster2
./img/128/styrofoam/00780.png,780,"(128, 128)",styrofoam,./emb/128/raster2\styrofoam\00780.npy,raster2
./img/128/styrofoam/00781.png,781,"(128, 128)",styrofoam,./emb/128/raster2\styrofoam\00781.npy,raster2
./img/128/styrofoam/00782.png,782,"(128, 128)",styrofoam,./emb/128/raster2\styrofoam\00782.npy,raster2
./img/128/styrofoam/00783.png,783,"(128, 128)",styrofoam,./emb/128/raster2\styrofoam\00783.npy,raster2
./img/128/styrofoam/00784.png,784,"(128, 128)",styrofoam,./emb/128/raster2\styrofoam\00784.npy,raster2
./img/128/styrofoam/00785.png,785,"(128, 128)",styrofoam,./emb/128/raster2\styrofoam\00785.npy,raster2
./img/128/styrofoam/00786.png,786,"(128, 128)",styrofoam,./emb/128/raster2\styrofoam\00786.npy,raster2
./img/128/styrofoam/00787.png,787,"(128, 128)",styrofoam,./emb/128/raster2\styrofoam\00787.npy,raster2
./img/128/styrofoam/00788.png,788,"(128, 128)",styrofoam,./emb/128/raster2\styrofoam\00788.npy,raster2
./img/128/styrofoam/00789.png,789,"(128, 128)",styrofoam,./emb/128/raster2\styrofoam\00789.npy,raster2
./img/128/styrofoam/00790.png,790,"(128, 128)",styrofoam,./emb/128/raster2\styrofoam\00790.npy,raster2
./img/128/styrofoam/00791.png,791,"(128, 128)",styrofoam,./emb/128/raster2\styrofoam\00791.npy,raster2
./img/128/styrofoam/00792.png,792,"(128, 128)",styrofoam,./emb/128/raster2\styrofoam\00792.npy,raster2
./img/128/styrofoam/00793.png,793,"(128, 128)",styrofoam,./emb/128/raster2\styrofoam\00793.npy,raster2
./img/128/styrofoam/00794.png,794,"(128, 128)",styrofoam,./emb/128/raster2\styrofoam\00794.npy,raster2
./img/128/styrofoam/00795.png,795,"(128, 128)",styrofoam,./emb/128/raster2\styrofoam\00795.npy,raster2
./img/128/styrofoam/00796.png,796,"(128, 128)",styrofoam,./emb/128/raster2\styrofoam\00796.npy,raster2
./img/128/styrofoam/00797.png,797,"(128, 128)",styrofoam,./emb/128/raster2\styrofoam\00797.npy,raster2
./img/128/styrofoam/00798.png,798,"(128, 128)",styrofoam,./emb/128/raster2\styrofoam\00798.npy,raster2
./img/128/styrofoam/00799.png,799,"(128, 128)",styrofoam,./emb/128/raster2\styrofoam\00799.npy,raster2
./img/128/styrofoam/00800.png,800,"(128, 128)",styrofoam,./emb/128/raster2\styrofoam\00800.npy,raster2
./img/128/styrofoam/00801.png,801,"(128, 128)",styrofoam,./emb/128/raster2\styrofoam\00801.npy,raster2
./img/128/styrofoam/00802.png,802,"(128, 128)",styrofoam,./emb/128/raster2\styrofoam\00802.npy,raster2
./img/128/styrofoam/00803.png,803,"(128, 128)",styrofoam,./emb/128/raster2\styrofoam\00803.npy,raster2
./img/128/styrofoam/00804.png,804,"(128, 128)",styrofoam,./emb/128/raster2\styrofoam\00804.npy,raster2
./img/128/styrofoam/00805.png,805,"(128, 128)",styrofoam,./emb/128/raster2\styrofoam\00805.npy,raster2
./img/128/styrofoam/00806.png,806,"(128, 128)",styrofoam,./emb/128/raster2\styrofoam\00806.npy,raster2
./img/128/styrofoam/00807.png,807,"(128, 128)",styrofoam,./emb/128/raster2\styrofoam\00807.npy,raster2
./img/128/styrofoam/00808.png,808,"(128, 128)",styrofoam,./emb/128/raster2\styrofoam\00808.npy,raster2
./img/128/styrofoam/00809.png,809,"(128, 128)",styrofoam,./emb/128/raster2\styrofoam\00809.npy,raster2
./img/128/styrofoam/00810.png,810,"(128, 128)",styrofoam,./emb/128/raster2\styrofoam\00810.npy,raster2
